Date,Adj Close,Close,High,Low,Open,Volume,Ticker
,SHOP,SHOP,SHOP,SHOP,SHOP,SHOP,
2015-05-18,2.8310000896453857,2.8310000896453857,3.109999895095825,1.7000000476837158,1.7000000476837158,151451000,SHOP
2015-05-25,2.7200000286102295,2.7200000286102295,3.0810000896453857,2.6480000019073486,2.9800000190734863,22732000,SHOP
2015-06-01,2.739000082015991,2.739000082015991,2.75,2.5510001182556152,2.7200000286102295,13911000,SHOP
2015-06-08,3.36299991607666,3.36299991607666,3.369999885559082,2.6640000343322754,2.690000057220459,21998000,SHOP
2015-06-15,3.552000045776367,3.552000045776367,4.2129998207092285,3.255000114440918,3.3970000743865967,65269000,SHOP
2015-06-22,3.3519999980926514,3.3519999980926514,3.8499999046325684,3.263000011444092,3.6760001182556152,22052000,SHOP
2015-06-29,3.13100004196167,3.13100004196167,3.496999979019165,2.98799991607666,3.252000093460083,21046000,SHOP
2015-07-06,2.9600000381469727,2.9600000381469727,3.1740000247955322,2.8499999046325684,3.1070001125335693,12147000,SHOP
2015-07-13,3.2269999980926514,3.2269999980926514,3.234999895095825,2.8910000324249268,2.984999895095825,24906000,SHOP
2015-07-20,3.3570001125335693,3.3570001125335693,3.4749999046325684,3.135999917984009,3.236999988555908,17076000,SHOP
2015-07-27,3.739000082015991,3.739000082015991,4.025000095367432,3.2049999237060547,3.3399999141693115,22639000,SHOP
2015-08-03,3.5160000324249268,3.5160000324249268,4.111000061035156,3.424999952316284,3.749000072479248,21029000,SHOP
2015-08-10,3.4560000896453857,3.4560000896453857,3.6489999294281006,3.2869999408721924,3.5299999713897705,13557000,SHOP
2015-08-17,2.7769999504089355,2.7769999504089355,3.5,2.7309999465942383,3.4769999980926514,14678000,SHOP
2015-08-24,2.799999952316284,2.799999952316284,2.9779999256134033,2.2699999809265137,2.5510001182556152,15267000,SHOP
2015-08-31,2.680999994277954,2.680999994277954,2.877000093460083,2.6059999465942383,2.813999891281128,6892000,SHOP
2015-09-07,2.635999917984009,2.635999917984009,2.8510000705718994,2.555000066757202,2.703000068664551,7543000,SHOP
2015-09-14,3.565999984741211,3.565999984741211,3.7950000762939453,2.6010000705718994,2.627000093460083,35041000,SHOP
2015-09-21,3.3910000324249268,3.3910000324249268,3.700000047683716,3.2090001106262207,3.569999933242798,16660000,SHOP
2015-09-28,3.5810000896453857,3.5810000896453857,3.609999895095825,3.240999937057495,3.364000082015991,12107000,SHOP
2015-10-05,3.7019999027252197,3.7019999027252197,3.928999900817871,3.500999927520752,3.6050000190734863,18176000,SHOP
2015-10-12,3.433000087738037,3.433000087738037,3.7342000007629395,3.049999952316284,3.7039999961853027,18369000,SHOP
2015-10-19,3.1659998893737793,3.1659998893737793,3.489000082015991,3.1089999675750732,3.427999973297119,11630000,SHOP
2015-10-26,3.2219998836517334,3.2219998836517334,3.249000072479248,2.9719998836517334,3.1659998893737793,9455000,SHOP
2015-11-02,3.1540000438690186,3.1540000438690186,3.3929998874664307,2.9630000591278076,3.2360000610351562,27851000,SHOP
2015-11-09,2.8329999446868896,2.8329999446868896,3.1640000343322754,2.757999897003174,3.1630001068115234,18641000,SHOP
2015-11-16,2.822999954223633,2.822999954223633,2.9719998836517334,2.552999973297119,2.8259999752044678,73586000,SHOP
2015-11-23,2.6710000038146973,2.6710000038146973,2.9000000953674316,2.625999927520752,2.815000057220459,28270000,SHOP
2015-11-30,2.7119998931884766,2.7119998931884766,2.740000009536743,2.5799999237060547,2.690000057220459,25713000,SHOP
2015-12-07,2.4760000705718994,2.4760000705718994,2.7149999141693115,2.441999912261963,2.6630001068115234,27837000,SHOP
2015-12-14,2.5309998989105225,2.5309998989105225,2.680000066757202,2.4159998893737793,2.4630000591278076,21537000,SHOP
2015-12-21,2.5339999198913574,2.5339999198913574,2.5739998817443848,2.4059998989105225,2.549999952316284,7024000,SHOP
2015-12-28,2.5799999237060547,2.5799999237060547,2.6559998989105225,2.4760000705718994,2.5269999504089355,7749000,SHOP
2016-01-04,2.493000030517578,2.493000030517578,2.6500000953674316,2.4179999828338623,2.5420000553131104,18300000,SHOP
2016-01-11,1.9889999628067017,1.9889999628067017,2.503000020980835,1.8480000495910645,2.494999885559082,29097000,SHOP
2016-01-18,2.306999921798706,2.306999921798706,2.371000051498413,1.8609999418258667,2.1429998874664307,32709000,SHOP
2016-01-25,2.322000026702881,2.322000026702881,2.368000030517578,2.200000047683716,2.312999963760376,16563000,SHOP
2016-02-01,2.187000036239624,2.187000036239624,2.378999948501587,2.127000093460083,2.3259999752044678,32234000,SHOP
2016-02-08,1.9329999685287476,1.9329999685287476,2.174999952316284,1.8580000400543213,2.1519999504089355,18844000,SHOP
2016-02-15,2.056999921798706,2.056999921798706,2.4809999465942383,1.9819999933242798,2.053999900817871,67736000,SHOP
2016-02-22,2.200000047683716,2.200000047683716,2.2119998931884766,1.9509999752044678,2.0799999237060547,54190000,SHOP
2016-02-29,2.5160000324249268,2.5160000324249268,2.571000099182129,2.190000057220459,2.203000068664551,49243000,SHOP
2016-03-07,2.6700000762939453,2.6700000762939453,2.6989998817443848,2.4769999980926514,2.5,42853000,SHOP
2016-03-14,2.8489999771118164,2.8489999771118164,2.878000020980835,2.556999921798706,2.693000078201294,29024000,SHOP
2016-03-21,2.6989998817443848,2.6989998817443848,2.86299991607666,2.6089999675750732,2.8480000495910645,21403000,SHOP
2016-03-28,2.8450000286102295,2.8450000286102295,2.867000102996826,2.687999963760376,2.7679998874664307,26754000,SHOP
2016-04-04,2.9549999237060547,2.9549999237060547,3.0,2.864000082015991,2.9019999504089355,34359000,SHOP
2016-04-11,3.0969998836517334,3.0969998836517334,3.1089999675750732,2.927999973297119,2.99399995803833,23897000,SHOP
2016-04-18,3.180999994277954,3.180999994277954,3.239000082015991,3.0230000019073486,3.1070001125335693,20338000,SHOP
2016-04-25,3.184999942779541,3.184999942779541,3.2279999256134033,3.0799999237060547,3.190000057220459,14309000,SHOP
2016-05-02,2.7720000743865967,2.7720000743865967,3.187999963760376,2.743000030517578,3.187999963760376,45536000,SHOP
2016-05-09,2.628999948501587,2.628999948501587,2.75,2.496000051498413,2.743000030517578,36486000,SHOP
2016-05-16,2.609999895095825,2.609999895095825,2.747999906539917,2.569999933242798,2.6440000534057617,29618000,SHOP
2016-05-23,2.8570001125335693,2.8570001125335693,2.86899995803833,2.6089999675750732,2.615000009536743,32417000,SHOP
2016-05-30,2.9579999446868896,2.9579999446868896,3.13100004196167,2.859999895095825,2.878999948501587,53445000,SHOP
2016-06-06,2.828000068664551,2.828000068664551,3.0380001068115234,2.812999963760376,2.9719998836517334,38173000,SHOP
2016-06-13,2.8940000534057617,2.8940000534057617,2.947999954223633,2.7750000953674316,2.815000057220459,17474000,SHOP
2016-06-20,2.9070000648498535,2.9070000648498535,3.1510000228881836,2.8440001010894775,2.9260001182556152,35134000,SHOP
2016-06-27,3.0829999446868896,3.0829999446868896,3.1110000610351562,2.634999990463257,2.859999895095825,36192000,SHOP
2016-07-04,3.0999999046325684,3.0999999046325684,3.1110000610351562,3.0,3.0969998836517334,22363000,SHOP
2016-07-11,3.2320001125335693,3.2320001125335693,3.325000047683716,3.0880000591278076,3.0999999046325684,48547000,SHOP
2016-07-18,3.2869999408721924,3.2869999408721924,3.3570001125335693,3.190999984741211,3.2790000438690186,62203000,SHOP
2016-07-25,3.427000045776367,3.427000045776367,3.4760000705718994,3.183000087738037,3.2960000038146973,39173000,SHOP
2016-08-01,3.7009999752044678,3.7009999752044678,3.740000009536743,3.2850000858306885,3.441999912261963,77808000,SHOP
2016-08-08,3.937999963760376,3.937999963760376,4.0929999351501465,3.7325000762939453,3.753000020980835,67354000,SHOP
2016-08-15,4.241000175476074,4.241000175476074,4.2789998054504395,3.700000047683716,3.9860000610351562,128702000,SHOP
2016-08-22,4.1519999504089355,4.1519999504089355,4.361999988555908,4.020999908447266,4.270999908447266,50401000,SHOP
2016-08-29,4.242000102996826,4.242000102996826,4.377999782562256,3.990999937057495,4.1519999504089355,38756000,SHOP
2016-09-05,4.104000091552734,4.104000091552734,4.368000030517578,4.073999881744385,4.2820000648498535,29353000,SHOP
2016-09-12,4.14900016784668,4.14900016784668,4.232999801635742,3.9779999256134033,4.007999897003174,34128000,SHOP
2016-09-19,4.335000038146973,4.335000038146973,4.519999980926514,4.1519999504089355,4.197999954223633,53620000,SHOP
2016-09-26,4.291999816894531,4.291999816894531,4.4120001792907715,4.073999881744385,4.311999797821045,34066000,SHOP
2016-10-03,4.435999870300293,4.435999870300293,4.453999996185303,4.227700233459473,4.323999881744385,26849000,SHOP
2016-10-10,4.2820000648498535,4.2820000648498535,4.5,4.014999866485596,4.486999988555908,27458000,SHOP
2016-10-17,4.3480000495910645,4.3480000495910645,4.423999786376953,4.169000148773193,4.2210001945495605,17561000,SHOP
2016-10-24,4.084000110626221,4.084000110626221,4.423999786376953,4.083000183105469,4.375,28886000,SHOP
2016-10-31,3.9149999618530273,3.9149999618530273,4.51800012588501,3.875,4.103000164031982,72318000,SHOP
2016-11-07,3.9660000801086426,3.9660000801086426,4.156000137329102,3.8919999599456787,4.046999931335449,45429000,SHOP
2016-11-14,4.40500020980835,4.40500020980835,4.423999786376953,3.7739999294281006,3.994999885559082,52704000,SHOP
2016-11-21,4.327000141143799,4.327000141143799,4.545000076293945,4.255000114440918,4.4019999504089355,39630000,SHOP
2016-11-28,3.9049999713897705,3.9049999713897705,4.375,3.86899995803833,4.370999813079834,41611000,SHOP
2016-12-05,4.2220001220703125,4.2220001220703125,4.367000102996826,3.947000026702881,3.947000026702881,36482000,SHOP
2016-12-12,4.204999923706055,4.204999923706055,4.2870001792907715,4.135000228881836,4.275000095367432,27375000,SHOP
2016-12-19,4.133999824523926,4.133999824523926,4.291999816894531,3.985100030899048,4.235000133514404,28293000,SHOP
2016-12-26,4.2870001792907715,4.2870001792907715,4.423999786376953,4.1519999504089355,4.1539998054504395,25600000,SHOP
2017-01-02,4.690000057220459,4.690000057220459,4.794000148773193,4.213500022888184,4.328000068664551,86850000,SHOP
2017-01-09,4.809999942779541,4.809999942779541,4.942999839782715,4.670000076293945,4.710999965667725,54527000,SHOP
2017-01-16,5.008999824523926,5.008999824523926,5.13700008392334,4.830999851226807,4.882999897003174,40683000,SHOP
2017-01-23,5.1539998054504395,5.1539998054504395,5.199999809265137,4.89300012588501,5.010000228881836,42095000,SHOP
2017-01-30,5.211999893188477,5.211999893188477,5.264999866485596,4.997000217437744,5.160999774932861,39176000,SHOP
2017-02-06,5.521999835968018,5.521999835968018,5.625,5.145999908447266,5.218999862670898,44914000,SHOP
2017-02-13,6.1519999504089355,6.1519999504089355,6.247000217437744,5.429999828338623,5.60099983215332,135852000,SHOP
2017-02-20,6.175000190734863,6.175000190734863,6.435999870300293,6.059100151062012,6.215000152587891,57880000,SHOP
2017-02-27,6.0289998054504395,6.0289998054504395,6.186999797821045,5.9019999504089355,6.179999828338623,57237000,SHOP
2017-03-06,6.414999961853027,6.414999961853027,6.433000087738037,5.86269998550415,5.99399995803833,48709000,SHOP
2017-03-13,6.698999881744385,6.698999881744385,6.738999843597412,6.308000087738037,6.438000202178955,46229000,SHOP
2017-03-20,6.8979997634887695,6.8979997634887695,7.1570000648498535,6.474999904632568,6.736000061035156,96522000,SHOP
2017-03-27,6.809000015258789,6.809000015258789,7.300000190734863,6.704999923706055,6.829999923706055,106838000,SHOP
2017-04-03,6.870999813079834,6.870999813079834,7.0,6.7220001220703125,6.815999984741211,47304000,SHOP
2017-04-10,7.063000202178955,7.063000202178955,7.188000202178955,6.744999885559082,6.908999919891357,43665000,SHOP
2017-04-17,7.638000011444092,7.638000011444092,7.7789998054504395,7.078000068664551,7.145999908447266,65046000,SHOP
2017-04-24,7.59499979019165,7.59499979019165,7.818999767303467,7.126999855041504,7.794000148773193,90007000,SHOP
2017-05-01,8.553000450134277,8.553000450134277,8.581999778747559,7.48199987411499,7.570000171661377,141068000,SHOP
2017-05-08,9.357999801635742,9.357999801635742,9.494000434875488,8.5600004196167,8.70199966430664,114900000,SHOP
2017-05-15,8.88700008392334,8.88700008392334,9.588000297546387,8.100000381469727,9.444000244140625,238274000,SHOP
2017-05-22,9.074000358581543,9.074000358581543,9.194999694824219,8.861000061035156,8.994000434875488,76251000,SHOP
2017-05-29,9.753000259399414,9.753000259399414,9.78499984741211,8.892000198364258,9.109999656677246,94574000,SHOP
2017-06-05,9.145000457763672,9.145000457763672,10.079999923706055,8.930999755859375,9.835000038146973,119696000,SHOP
2017-06-12,8.692999839782715,8.692999839782715,9.055999755859375,8.154999732971191,9.00100040435791,167188000,SHOP
2017-06-19,9.447999954223633,9.447999954223633,9.520000457763672,8.779000282287598,8.82800006866455,77058000,SHOP
2017-06-26,8.6899995803833,8.6899995803833,9.697999954223633,8.315999984741211,9.51099967956543,105957000,SHOP
2017-07-03,8.89900016784668,8.89900016784668,8.946999549865723,8.479999542236328,8.71500015258789,49062000,SHOP
2017-07-10,9.241000175476074,9.241000175476074,9.680000305175781,8.828800201416016,8.90999984741211,71159000,SHOP
2017-07-17,8.942000389099121,8.942000389099121,9.449999809265137,8.932999610900879,9.222000122070312,67096000,SHOP
2017-07-24,9.29800033569336,9.29800033569336,9.550000190734863,8.829099655151367,8.987000465393066,74629000,SHOP
2017-07-31,9.628000259399414,9.628000259399414,10.579000473022461,9.13599967956543,9.366999626159668,204425000,SHOP
2017-08-07,9.170999526977539,9.170999526977539,9.90999984741211,8.821000099182129,9.645000457763672,96434000,SHOP
2017-08-14,9.458000183105469,9.458000183105469,9.571999549865723,9.277000427246094,9.329000473022461,56247000,SHOP
2017-08-21,10.37399959564209,10.37399959564209,10.699999809265137,9.449999809265137,9.458000183105469,99601000,SHOP
2017-08-28,11.086000442504883,11.086000442504883,11.199999809265137,10.133000373840332,10.395999908447266,64146000,SHOP
2017-09-04,11.361000061035156,11.361000061035156,11.48799991607666,10.803000450134277,10.996999740600586,47665000,SHOP
2017-09-11,12.026000022888184,12.026000022888184,12.25,11.489999771118164,11.543999671936035,71196000,SHOP
2017-09-18,12.027000427246094,12.027000427246094,12.394000053405762,11.62600040435791,12.079999923706055,60378000,SHOP
2017-09-25,11.64900016784668,11.64900016784668,11.98799991607666,11.187999725341797,11.984999656677246,74602000,SHOP
2017-10-02,9.791999816894531,9.791999816894531,12.069000244140625,9.331000328063965,11.699999809265137,512613000,SHOP
2017-10-09,9.42199993133545,9.42199993133545,9.899999618530273,8.9350004196167,9.652000427246094,258339000,SHOP
2017-10-16,10.210000038146973,10.210000038146973,10.25,9.333999633789062,9.449999809265137,132032000,SHOP
2017-10-23,10.72700023651123,10.72700023651123,10.852999687194824,10.070099830627441,10.309000015258789,133565000,SHOP
2017-10-30,9.871000289916992,9.871000289916992,10.944999694824219,9.451000213623047,10.829000473022461,263314000,SHOP
2017-11-06,10.00100040435791,10.00100040435791,10.088000297546387,9.555000305175781,10.0,67715000,SHOP
2017-11-13,10.48900032043457,10.48900032043457,10.5693998336792,9.720000267028809,9.902000427246094,68156000,SHOP
2017-11-20,11.180999755859375,11.180999755859375,11.262999534606934,10.48900032043457,10.5,56510000,SHOP
2017-11-27,10.32699966430664,10.32699966430664,11.706999778747559,10.010000228881836,11.451000213623047,101307000,SHOP
2017-12-04,10.07699966430664,10.07699966430664,10.527000427246094,9.241000175476074,10.527000427246094,95146000,SHOP
2017-12-11,10.522000312805176,10.522000312805176,10.635000228881836,10.050000190734863,10.128999710083008,52737000,SHOP
2017-12-18,10.38599967956543,10.38599967956543,10.803999900817871,10.213000297546387,10.640999794006348,37945000,SHOP
2017-12-25,10.100000381469727,10.100000381469727,10.538999557495117,10.039999961853027,10.241000175476074,23203000,SHOP
2018-01-01,11.057999610900879,11.057999610900879,11.177000045776367,10.10200023651123,10.159000396728516,44892000,SHOP
2018-01-08,11.279999732971191,11.279999732971191,11.449999809265137,10.899999618530273,10.99899959564209,36461000,SHOP
2018-01-15,11.54800033569336,11.54800033569336,11.67300033569336,11.118000030517578,11.46500015258789,37925000,SHOP
2018-01-22,12.906999588012695,12.906999588012695,13.04699993133545,11.543999671936035,11.543999671936035,73172000,SHOP
2018-01-29,12.51200008392334,12.51200008392334,13.115900039672852,11.909000396728516,12.970000267028809,72162000,SHOP
2018-02-05,11.954999923706055,11.954999923706055,12.770000457763672,11.206000328063965,12.057000160217285,117109000,SHOP
2018-02-12,13.753000259399414,13.753000259399414,14.074999809265137,12.217399597167969,12.329999923706055,169349000,SHOP
2018-02-19,13.699999809265137,13.699999809265137,14.612000465393066,13.277000427246094,13.682999610900879,121089000,SHOP
2018-02-26,13.675000190734863,13.675000190734863,14.050000190734863,13.331999778747559,13.751999855041504,73216000,SHOP
2018-03-05,14.916000366210938,14.916000366210938,15.04699993133545,13.399999618530273,13.517000198364258,82096000,SHOP
2018-03-12,14.722000122070312,14.722000122070312,15.015000343322754,14.387999534606934,14.972999572753906,43836000,SHOP
2018-03-19,14.166000366210938,14.166000366210938,15.482000350952148,14.100000381469727,14.59000015258789,82418000,SHOP
2018-03-26,12.458999633789062,12.458999633789062,14.781999588012695,11.857000350952148,14.526000022888184,147072000,SHOP
2018-04-02,11.741999626159668,11.741999626159668,12.75,11.25,12.470999717712402,74839000,SHOP
2018-04-09,11.75100040435791,11.75100040435791,12.420000076293945,11.62399959564209,11.914999961853027,111753000,SHOP
2018-04-16,12.678999900817871,12.678999900817871,12.958000183105469,11.368000030517578,11.782999992370605,96134000,SHOP
2018-04-23,12.661999702453613,12.661999702453613,12.722000122070312,11.854499816894531,12.718999862670898,82562000,SHOP
2018-04-30,13.61299991607666,13.61299991607666,13.82610034942627,11.880999565124512,12.800000190734863,194119000,SHOP
2018-05-07,14.446999549865723,14.446999549865723,14.696999549865723,13.659000396728516,13.779000282287598,75324000,SHOP
2018-05-14,14.706000328063965,14.706000328063965,14.829000473022461,13.762999534606934,14.529999732971191,58071000,SHOP
2018-05-21,14.36400032043457,14.36400032043457,15.097000122070312,13.730999946594238,14.873000144958496,68853000,SHOP
2018-05-28,15.079999923706055,15.079999923706055,15.165499687194824,14.180000305175781,14.331999778747559,43625000,SHOP
2018-06-04,16.2810001373291,16.2810001373291,16.60099983215332,15.175000190734863,15.192999839782715,72121000,SHOP
2018-06-11,16.8439998626709,16.8439998626709,17.113000869750977,16.003000259399414,16.31999969482422,65804000,SHOP
2018-06-18,16.253000259399414,16.253000259399414,17.51099967956543,16.006999969482422,16.700000762939453,63165000,SHOP
2018-06-25,14.58899974822998,14.58899974822998,16.0,14.039999961853027,16.0,103307000,SHOP
2018-07-02,15.680999755859375,15.680999755859375,15.734000205993652,14.13700008392334,14.270999908447266,39303000,SHOP
2018-07-09,16.618000030517578,16.618000030517578,16.81999969482422,15.423999786376953,15.878999710083008,43919000,SHOP
2018-07-16,17.174999237060547,17.174999237060547,17.52899932861328,16.104999542236328,16.613000869750977,54214000,SHOP
2018-07-23,16.014999389648438,16.014999389648438,17.659900665283203,15.925999641418457,17.19499969482422,68976000,SHOP
2018-07-30,14.187000274658203,14.187000274658203,16.047000885009766,13.262999534606934,15.979999542236328,174132000,SHOP
2018-08-06,14.92199993133545,14.92199993133545,15.118000030517578,13.800000190734863,14.190999984741211,52237000,SHOP
2018-08-13,13.718999862670898,13.718999862670898,15.10099983215332,13.579000473022461,14.9350004196167,65086000,SHOP
2018-08-20,14.057999610900879,14.057999610900879,14.149999618530273,13.234000205993652,13.800000190734863,64628000,SHOP
2018-08-27,14.567000389099121,14.567000389099121,14.649999618530273,13.899999618530273,14.1850004196167,50940000,SHOP
2018-09-03,14.064000129699707,14.064000129699707,14.692999839782715,13.0600004196167,14.609999656677246,71393000,SHOP
2018-09-10,15.47700023651123,15.47700023651123,15.88949966430664,13.904999732971191,14.133999824523926,66008000,SHOP
2018-09-17,16.152000427246094,16.152000427246094,16.895000457763672,15.345000267028809,15.791999816894531,85233000,SHOP
2018-09-24,16.445999145507812,16.445999145507812,16.77899932861328,15.739999771118164,15.956000328063965,47266000,SHOP
2018-10-01,14.5600004196167,14.5600004196167,16.68600082397461,14.107000350952148,16.643999099731445,69656000,SHOP
2018-10-08,13.520000457763672,13.520000457763672,14.553199768066406,12.668000221252441,14.321999549865723,90887000,SHOP
2018-10-15,12.706999778747559,12.706999778747559,14.649999618530273,12.619999885559082,13.49899959564209,94769000,SHOP
2018-10-22,13.295000076293945,13.295000076293945,13.833999633789062,12.204999923706055,12.83899974822998,143539000,SHOP
2018-10-29,14.555000305175781,14.555000305175781,14.892000198364258,12.279999732971191,13.682999610900879,110481000,SHOP
2018-11-05,14.09000015258789,14.09000015258789,15.083800315856934,13.859999656677246,14.395000457763672,66097000,SHOP
2018-11-12,15.10200023651123,15.10200023651123,15.151000022888184,13.09000015258789,13.928999900817871,75377000,SHOP
2018-11-19,13.480999946594238,13.480999946594238,15.121000289916992,12.199999809265137,15.029999732971191,63702000,SHOP
2018-11-26,15.265999794006348,15.265999794006348,15.288999557495117,13.748000144958496,13.788000106811523,60977000,SHOP
2018-12-03,14.687999725341797,14.687999725341797,15.989999771118164,14.229999542236328,15.656000137329102,62535000,SHOP
2018-12-10,14.017000198364258,14.017000198364258,16.413000106811523,14.0,14.607000350952148,118029000,SHOP
2018-12-17,12.241000175476074,12.241000175476074,14.053000450134277,12.149999618530273,13.991999626159668,161940000,SHOP
2018-12-24,13.345999717712402,13.345999717712402,13.61299991607666,11.763999938964844,11.895000457763672,57709000,SHOP
2018-12-31,13.805999755859375,13.805999755859375,14.053400039672852,12.947999954223633,13.60200023651123,55024000,SHOP
2019-01-07,14.942999839782715,14.942999839782715,15.032999992370605,13.87399959564209,13.96500015258789,55539000,SHOP
2019-01-14,15.843000411987305,15.843000411987305,16.023000717163086,14.468999862670898,14.72700023651123,76208000,SHOP
2019-01-21,16.281999588012695,16.281999588012695,16.36400032043457,15.40999984741211,15.722999572753906,34654000,SHOP
2019-01-28,17.05900001525879,17.05900001525879,17.100000381469727,15.45199966430664,15.968000411987305,54705000,SHOP
2019-02-04,17.594999313354492,17.594999313354492,17.698999404907227,16.959999084472656,17.062000274658203,52655000,SHOP
2019-02-11,17.819000244140625,17.819000244140625,18.0,16.062999725341797,17.80500030517578,138676000,SHOP
2019-02-18,18.363000869750977,18.363000869750977,18.506999969482422,17.70400047302246,17.70400047302246,56054000,SHOP
2019-02-25,19.152000427246094,19.152000427246094,19.277999877929688,18.385000228881836,18.582000732421875,52165000,SHOP
2019-03-04,18.97599983215332,18.97599983215332,19.480300903320312,18.100000381469727,19.238000869750977,53334000,SHOP
2019-03-11,20.597999572753906,20.597999572753906,20.958999633789062,19.099000930786133,19.099000930786133,81210000,SHOP
2019-03-18,19.875,19.875,20.799999237060547,19.765300750732422,20.450000762939453,81169000,SHOP
2019-03-25,20.66200065612793,20.66200065612793,20.75,19.64699935913086,19.80500030517578,53679000,SHOP
2019-04-01,19.665000915527344,19.665000915527344,21.010000228881836,19.038000106811523,20.843000411987305,118211000,SHOP
2019-04-08,21.482999801635742,21.482999801635742,21.493000030517578,19.531999588012695,19.665000915527344,59515000,SHOP
2019-04-15,22.07200050354004,22.07200050354004,22.18199920654297,21.131000518798828,21.482999801635742,54494000,SHOP
2019-04-22,22.22800064086914,22.22800064086914,22.73900032043457,21.66200065612793,22.0,82768000,SHOP
2019-04-29,26.402999877929688,26.402999877929688,26.639999389648438,22.35300064086914,22.533000946044922,187521000,SHOP
2019-05-06,25.882999420166016,25.882999420166016,26.672000885009766,25.263999938964844,25.719999313354492,108597000,SHOP
2019-05-13,27.350000381469727,27.350000381469727,27.947999954223633,24.222999572753906,24.791000366210938,106104000,SHOP
2019-05-20,27.584999084472656,27.584999084472656,28.094999313354492,26.474000930786133,27.003000259399414,69122000,SHOP
2019-05-27,27.489999771118164,27.489999771118164,28.59600067138672,27.052000045776367,27.834999084472656,55914000,SHOP
2019-06-03,30.5049991607666,30.5049991607666,30.937000274658203,26.216999053955078,27.42799949645996,106929000,SHOP
2019-06-10,30.51099967956543,30.51099967956543,31.559999465942383,29.85700035095215,30.915000915527344,64829000,SHOP
2019-06-17,32.685001373291016,32.685001373291016,33.89400100708008,30.239999771118164,30.44499969482422,93434000,SHOP
2019-06-24,30.014999389648438,30.014999389648438,32.448001861572266,28.16900062561035,32.33399963378906,127820000,SHOP
2019-07-01,31.371999740600586,31.371999740600586,31.833999633789062,30.033000946044922,30.860000610351562,49275000,SHOP
2019-07-08,31.00200080871582,31.00200080871582,32.97999954223633,30.256999969482422,31.444000244140625,88282000,SHOP
2019-07-15,33.0,33.0,33.900001525878906,30.601699829101562,30.993999481201172,100838000,SHOP
2019-07-22,33.65399932861328,33.65399932861328,34.08359909057617,32.4109992980957,33.19200134277344,80425000,SHOP
2019-07-29,33.21900177001953,33.21900177001953,35.07899856567383,31.035999298095703,33.6349983215332,124292000,SHOP
2019-08-05,36.994998931884766,36.994998931884766,37.16299819946289,31.339000701904297,31.386999130249023,101784000,SHOP
2019-08-12,35.874000549316406,35.874000549316406,37.236000061035156,34.755001068115234,36.70000076293945,89282000,SHOP
2019-08-19,38.275001525878906,38.275001525878906,40.11640167236328,35.9109992980957,36.374000549316406,106808000,SHOP
2019-08-26,38.53900146484375,38.53900146484375,40.96099853515625,37.17300033569336,38.861000061035156,128617000,SHOP
2019-09-02,38.04199981689453,38.04199981689453,39.57500076293945,38.013999938964844,38.400001525878906,72476000,SHOP
2019-09-09,33.83100128173828,33.83100128173828,38.402000427246094,33.50899887084961,38.402000427246094,187445000,SHOP
2019-09-16,31.881999969482422,31.881999969482422,34.345001220703125,31.200000762939453,32.85100173950195,156400000,SHOP
2019-09-23,30.569000244140625,30.569000244140625,32.547000885009766,28.60700035095215,31.777999877929688,183342000,SHOP
2019-09-30,32.720001220703125,32.720001220703125,33.04499816894531,30.06999969482422,30.4689998626709,121683000,SHOP
2019-10-07,32.92599868774414,32.92599868774414,33.733001708984375,31.079999923706055,32.68199920654297,92537000,SHOP
2019-10-14,31.43400001525879,31.43400001525879,34.944000244140625,31.21299934387207,32.89899826049805,109869000,SHOP
2019-10-21,31.7450008392334,31.7450008392334,32.68000030517578,29.106000900268555,31.700000762939453,126287000,SHOP
2019-10-28,31.676000595092773,31.676000595092773,32.917999267578125,29.86400032043457,32.249000549316406,136260000,SHOP
2019-11-04,29.763999938964844,29.763999938964844,32.099998474121094,28.20800018310547,31.83799934387207,119806000,SHOP
2019-11-11,31.238000869750977,31.238000869750977,31.98900032043457,29.34600067138672,29.604000091552734,80632000,SHOP
2019-11-18,31.45199966430664,31.45199966430664,32.58300018310547,30.97330093383789,31.273000717163086,72982000,SHOP
2019-11-25,33.67499923706055,33.67499923706055,34.400001525878906,31.23200035095215,31.509000778198242,78687000,SHOP
2019-12-02,36.459999084472656,36.459999084472656,37.691001892089844,31.153200149536133,33.599998474121094,172817000,SHOP
2019-12-09,38.55699920654297,38.55699920654297,39.20000076293945,36.400001525878906,36.518001556396484,128556000,SHOP
2019-12-16,39.00699996948242,39.00699996948242,40.47999954223633,38.0629997253418,38.9739990234375,117817000,SHOP
2019-12-23,40.79999923706055,40.79999923706055,41.65999984741211,38.61399841308594,39.2869987487793,72194000,SHOP
2019-12-30,40.42900085449219,40.42900085449219,40.93199920654297,39.10100173950195,40.8380012512207,53775000,SHOP
2020-01-06,42.91699981689453,42.91699981689453,43.85599899291992,39.54199981689453,39.85900115966797,83775000,SHOP
2020-01-13,45.487998962402344,45.487998962402344,45.89099884033203,43.04999923706055,43.499000549316406,84743000,SHOP
2020-01-20,46.54800033569336,46.54800033569336,47.6786003112793,45.409000396728516,45.499000549316406,90838000,SHOP
2020-01-27,46.566001892089844,46.566001892089844,48.2869987487793,43.67399978637695,44.762001037597656,92793000,SHOP
2020-02-03,47.86899948120117,47.86899948120117,49.5,45.724998474121094,46.82500076293945,86298000,SHOP
2020-02-10,53.12200164794922,53.12200164794922,59.388999938964844,47.65299987792969,47.9109992980957,210681000,SHOP
2020-02-17,52.066001892089844,52.066001892089844,54.96849822998047,50.7400016784668,53.400001525878906,86249000,SHOP
2020-02-24,46.33100128173828,46.33100128173828,50.40449905395508,42.04999923706055,48.20000076293945,164006000,SHOP
2020-03-02,47.207000732421875,47.207000732421875,51.400001525878906,45.91469955444336,48.31999969482422,144809000,SHOP
2020-03-09,39.09000015258789,39.09000015258789,45.04999923706055,36.30099868774414,43.082000732421875,163971000,SHOP
2020-03-16,34.60599899291992,34.60599899291992,37.25429916381836,30.530000686645508,33.900001525878906,194860000,SHOP
2020-03-23,42.1619987487793,42.1619987487793,47.05699920654297,33.512001037597656,34.65399932861328,163819000,SHOP
2020-03-30,35.76499938964844,35.76499938964844,43.95899963378906,33.45500183105469,42.3489990234375,136430000,SHOP
2020-04-06,41.77399826049805,41.77399826049805,43.900001525878906,36.93000030517578,38.0,122694000,SHOP
2020-04-13,59.03900146484375,59.03900146484375,59.18299865722656,41.78099822998047,42.369998931884766,193977000,SHOP
2020-04-20,64.31900024414062,64.31900024414062,66.5739974975586,55.60100173950195,58.5,327348000,SHOP
2020-04-27,61.36399841308594,61.36399841308594,66.26000213623047,59.50299835205078,66.26000213623047,150868000,SHOP
2020-05-04,70.89700317382812,70.89700317382812,73.92400360107422,61.70100021362305,62.06399917602539,235108000,SHOP
2020-05-11,76.69999694824219,76.69999694824219,77.47899627685547,70.37799835205078,70.69599914550781,176105000,SHOP
2020-05-18,82.51699829101562,82.51699829101562,82.63800048828125,71.31900024414062,77.0,190809000,SHOP
2020-05-25,75.77999877929688,75.77999877929688,84.4000015258789,68.5,84.19999694824219,203803000,SHOP
2020-06-01,72.7770004272461,72.7770004272461,78.43000030517578,70.2020034790039,75.47200012207031,116442000,SHOP
2020-06-08,74.25800323486328,74.25800323486328,76.552001953125,70.8010025024414,71.5,93099000,SHOP
2020-06-15,88.0999984741211,88.0999984741211,89.55599975585938,76.98650360107422,77.69999694824219,156487000,SHOP
2020-06-22,91.0,91.0,92.80000305175781,86.80000305175781,89.51200103759766,133860000,SHOP
2020-06-29,102.99700164794922,102.99700164794922,105.94400024414062,87.64299774169922,91.39900207519531,123973000,SHOP
2020-07-06,103.18599700927734,103.18599700927734,105.9000015258789,97.30000305175781,105.2490005493164,142725000,SHOP
2020-07-13,92.81300354003906,92.81300354003906,107.49759674072266,90.17400360107422,104.30000305175781,139568000,SHOP
2020-07-20,92.98100280761719,92.98100280761719,102.49800109863281,88.31800079345703,92.9000015258789,138123000,SHOP
2020-07-27,102.4000015258789,102.4000015258789,110.79199981689453,93.51399993896484,94.75700378417969,181460000,SHOP
2020-08-03,105.31199645996094,105.31199645996094,110.5,102.89600372314453,103.19999694824219,87383000,SHOP
2020-08-10,98.79000091552734,98.79000091552734,106.4000015258789,96.4739990234375,105.5,93809000,SHOP
2020-08-17,102.11199951171875,102.11199951171875,104.697998046875,99.31700134277344,99.9000015258789,64087000,SHOP
2020-08-24,104.20600128173828,104.20600128173828,111.5989990234375,98.88800048828125,103.19999694824219,92106000,SHOP
2020-08-31,97.302001953125,97.302001953125,114.69100189208984,89.64800262451172,104.85099792480469,123174000,SHOP
2020-09-07,91.44999694824219,91.44999694824219,97.5,89.75,92.09100341796875,72788000,SHOP
2020-09-14,90.13400268554688,90.13400268554688,95.30000305175781,83.94000244140625,92.77300262451172,133236000,SHOP
2020-09-21,96.09200286865234,96.09200286865234,96.125,88.0999984741211,88.30599975585938,101744000,SHOP
2020-09-28,102.89900207519531,102.89900207519531,106.34100341796875,95.0999984741211,97.0009994506836,100024000,SHOP
2020-10-05,109.5999984741211,109.5999984741211,109.88770294189453,101.43800354003906,103.5989990234375,64800000,SHOP
2020-10-12,106.72100067138672,106.72100067138672,113.0,104.40299987792969,110.51300048828125,57643000,SHOP
2020-10-19,102.62200164794922,102.62200164794922,109.0199966430664,99.05000305175781,107.0780029296875,48777000,SHOP
2020-10-26,92.54299926757812,92.54299926757812,108.80000305175781,90.62200164794922,101.9000015258789,109166000,SHOP
2020-11-02,104.5,104.5,104.50800323486328,89.88819885253906,93.45700073242188,66412000,SHOP
2020-11-09,91.83000183105469,91.83000183105469,99.1718978881836,87.5,99.0,106762000,SHOP
2020-11-16,98.85099792480469,98.85099792480469,99.80000305175781,88.0,89.01100158691406,68638000,SHOP
2020-11-23,103.43900299072266,103.43900299072266,104.4000015258789,96.30000305175781,98.8499984741211,48375000,SHOP
2020-11-30,105.38899993896484,105.38899993896484,111.2406997680664,103.5,104.5,79553000,SHOP
2020-12-07,105.78700256347656,105.78700256347656,110.69999694824219,101.69999694824219,105.8010025024414,51712000,SHOP
2020-12-14,117.09600067138672,117.09600067138672,120.68949890136719,103.91600036621094,105.0,84385000,SHOP
2020-12-21,122.552001953125,122.552001953125,128.51849365234375,114.5,116.49800109863281,70704000,SHOP
2020-12-28,113.19499969482422,113.19499969482422,123.15399932861328,112.82499694824219,122.98600006103516,49276000,SHOP
2021-01-04,118.89199829101562,118.89199829101562,119.48899841308594,107.6050033569336,113.79900360107422,65737000,SHOP
2021-01-11,117.0469970703125,117.0469970703125,123.01000213623047,114.69999694824219,117.05000305175781,47839000,SHOP
2021-01-18,119.66999816894531,119.66999816894531,121.63200378417969,115.01699829101562,118.69000244140625,29142000,SHOP
2021-01-25,109.85900115966797,109.85900115966797,124.74500274658203,108.0999984741211,120.61599731445312,58645000,SHOP
2021-02-01,128.77499389648438,128.77499389648438,129.67750549316406,109.96800231933594,110.5999984741211,64592000,SHOP
2021-02-08,145.5489959716797,145.5489959716797,149.97500610351562,129.30099487304688,130.38600158691406,74073000,SHOP
2021-02-15,143.50100708007812,143.50100708007812,149.22799682617188,134.5,146.85299682617188,78035000,SHOP
2021-02-22,128.0970001220703,128.0970001220703,141.47999572753906,120.54399871826172,139.7779998779297,91402000,SHOP
2021-03-01,113.10099792480469,113.10099792480469,133.0,102.15699768066406,131.5,103904000,SHOP
2021-03-08,114.06300354003906,114.06300354003906,116.99700164794922,107.08200073242188,112.60399627685547,91204000,SHOP
2021-03-15,112.09500122070312,112.09500122070312,119.0,109.80000305175781,113.7239990234375,45487000,SHOP
2021-03-22,106.52100372314453,106.52100372314453,118.5,100.51399993896484,112.31400299072266,74800000,SHOP
2021-03-29,115.54100036621094,115.54100036621094,117.89800262451172,101.27999877929688,105.36000061035156,51125000,SHOP
2021-04-05,122.7300033569336,122.7300033569336,123.44999694824219,113.59010314941406,117.50800323486328,49299000,SHOP
2021-04-12,120.77999877929688,120.77999877929688,125.0,117.60199737548828,122.0,51283000,SHOP
2021-04-19,109.90299987792969,109.90299987792969,120.23400115966797,108.72599792480469,119.19999694824219,46911000,SHOP
2021-04-26,118.2509994506836,118.2509994506836,130.16099548339844,110.72899627685547,111.16899871826172,99176000,SHOP
2021-05-03,110.86000061035156,110.86000061035156,119.43599700927734,106.71600341796875,118.6729965209961,85581000,SHOP
2021-05-10,108.5009994506836,108.5009994506836,112.15899658203125,102.50749969482422,109.9000015258789,73116000,SHOP
2021-05-17,122.41200256347656,122.41200256347656,124.5999984741211,107.01000213623047,107.6520004272461,81780000,SHOP
2021-05-24,124.28700256347656,124.28700256347656,128.0989990234375,121.45950317382812,122.4800033569336,58973000,SHOP
2021-05-31,120.5739974975586,120.5739974975586,127.89299774169922,119.55000305175781,125.41699981689453,36020000,SHOP
2021-06-07,124.7020034790039,124.7020034790039,125.2239990234375,118.25,120.91200256347656,37885000,SHOP
2021-06-14,146.68699645996094,146.68699645996094,148.54949951171875,124.53459930419922,124.69999694824219,111892000,SHOP
2021-06-21,147.35400390625,147.35400390625,155.22300720214844,142.9029998779297,147.3260040283203,99361000,SHOP
2021-06-28,146.47500610351562,146.47500610351562,152.3144989013672,144.1999969482422,148.3780059814453,51899000,SHOP
2021-07-05,149.49899291992188,149.49899291992188,158.7740020751953,145.23199462890625,146.80599975585938,65152000,SHOP
2021-07-12,144.26300048828125,144.26300048828125,155.0,142.0019989013672,150.29299926757812,59630000,SHOP
2021-07-19,164.33200073242188,164.33200073242188,165.0,139.30099487304688,141.51600646972656,73193000,SHOP
2021-07-26,149.9929962158203,149.9929962158203,165.0,149.02000427246094,164.92300415039062,81695000,SHOP
2021-08-02,152.50599670410156,152.50599670410156,157.60000610351562,149.3050994873047,150.38299560546875,52286000,SHOP
2021-08-09,149.8000030517578,149.8000030517578,158.33700561523438,145.593994140625,152.5800018310547,49279000,SHOP
2021-08-16,145.07000732421875,145.07000732421875,153.4600067138672,143.75,149.14599609375,46545000,SHOP
2021-08-23,153.14199829101562,153.14199829101562,156.1999969482422,145.3079071044922,145.62100219726562,41774000,SHOP
2021-08-30,155.4250030517578,155.4250030517578,158.8000030517578,152.12899780273438,154.093994140625,32983000,SHOP
2021-09-06,148.41000366210938,148.41000366210938,156.37660217285156,147.5749969482422,155.4739990234375,28446000,SHOP
2021-09-13,148.62899780273438,148.62899780273438,149.53900146484375,143.23599243164062,149.1999969482422,37084000,SHOP
2021-09-20,144.39999389648438,144.39999389648438,148.49600219726562,140.11199951171875,144.0030059814453,41198000,SHOP
2021-09-27,135.0760040283203,135.0760040283203,145.1699981689453,133.9250030517578,143.60000610351562,45943000,SHOP
2021-10-04,137.80299377441406,137.80299377441406,142.89999389648438,128.58999633789062,132.6320037841797,48209000,SHOP
2021-10-11,142.45799255371094,142.45799255371094,142.98699951171875,135.10000610351562,136.89999389648438,32173000,SHOP
2021-10-18,142.5850067138672,142.5850067138672,150.6719970703125,140.447998046875,142.5030059814453,44350000,SHOP
2021-10-25,146.67300415039062,146.67300415039062,150.4709930419922,132.85400390625,142.88800048828125,85658000,SHOP
2021-11-01,152.80599975585938,152.80599975585938,154.99989318847656,145.2050018310547,146.50999450683594,48111000,SHOP
2021-11-08,166.95199584960938,166.95199584960938,167.47850036621094,147.0,154.0,54365000,SHOP
2021-11-15,169.05999755859375,169.05999755859375,176.2917938232422,162.8509979248047,165.33999633789062,54714000,SHOP
2021-11-22,157.6699981689453,157.6699981689453,170.35000610351562,153.21200561523438,170.1009979248047,41419000,SHOP
2021-11-29,141.0,141.0,162.99380493164062,135.7030029296875,157.73199462890625,67197000,SHOP
2021-12-06,146.1580047607422,146.1580047607422,153.5989990234375,134.0,137.31199645996094,50401000,SHOP
2021-12-13,132.33999633789062,132.33999633789062,147.03900146484375,128.00100708007812,144.75999450683594,66735000,SHOP
2021-12-20,143.93299865722656,143.93299865722656,144.36099243164062,127.18890380859375,130.74000549316406,42621000,SHOP
2021-12-27,137.73899841308594,137.73899841308594,145.6999969482422,135.13699340820312,144.36099243164062,29848000,SHOP
2022-01-03,114.447998046875,114.447998046875,139.36700439453125,112.13999938964844,139.19000244140625,88681000,SHOP
2022-01-10,110.29100036621094,110.29100036621094,119.12000274658203,104.86009979248047,111.70099639892578,90085000,SHOP
2022-01-17,88.21199798583984,88.21199798583984,112.2490005493164,86.875,108.72100067138672,108999000,SHOP
2022-01-24,87.2229995727539,87.2229995727539,96.39900207519531,78.0,83.4000015258789,205586000,SHOP
2022-01-31,87.5999984741211,87.5999984741211,98.8499984741211,80.5999984741211,88.19000244140625,134041000,SHOP
2022-02-07,85.4000015258789,85.4000015258789,93.25399780273438,83.5009994506836,88.15599822998047,75605000,SHOP
2022-02-14,65.68800354003906,65.68800354003906,89.13480377197266,64.04199981689453,84.63700103759766,242562000,SHOP
2022-02-21,67.69499969482422,67.69499969482422,68.46499633789062,58.50299835205078,63.202999114990234,114168000,SHOP
2022-02-28,60.08399963378906,60.08399963378906,71.11750030517578,59.1510009765625,68.97599792480469,98936000,SHOP
2022-03-07,54.4370002746582,54.4370002746582,60.606998443603516,51.119998931884766,59.900001525878906,177072000,SHOP
2022-03-14,78.0,78.0,78.0,51.00199890136719,54.14099884033203,159764000,SHOP
2022-03-21,67.9530029296875,67.9530029296875,73.9489974975586,65.3030014038086,69.9000015258789,191620000,SHOP
2022-03-28,69.30000305175781,69.30000305175781,75.87799835205078,67.06600189208984,68.49700164794922,137567000,SHOP
2022-04-04,60.31800079345703,60.31800079345703,74.13400268554688,60.00600051879883,69.63899993896484,147580000,SHOP
2022-04-11,57.95100021362305,57.95100021362305,64.43699645996094,57.89500045776367,61.45100021362305,127500000,SHOP
2022-04-18,45.99700164794922,45.99700164794922,61.400001525878906,45.40299987792969,57.5,200026000,SHOP
2022-04-25,42.68199920654297,42.68199920654297,47.584999084472656,41.117000579833984,46.198001861572266,191019000,SHOP
2022-05-02,37.749000549316406,37.749000549316406,48.79899978637695,35.51300048828125,42.1150016784668,332094000,SHOP
2022-05-09,40.24800109863281,40.24800109863281,40.862998962402344,30.805999755859375,36.20000076293945,344064000,SHOP
2022-05-16,36.3849983215332,36.3849983215332,41.369998931884766,34.000999450683594,39.7760009765625,276395000,SHOP
2022-05-23,36.90399932861328,36.90399932861328,37.18149948120117,31.799999237060547,36.20100021362305,184667000,SHOP
2022-05-30,35.36600112915039,35.36600112915039,40.099998474121094,34.82699966430664,37.441001892089844,165137000,SHOP
2022-06-06,34.84299850463867,34.84299850463867,39.75199890136719,33.930999755859375,36.70000076293945,194985000,SHOP
2022-06-13,31.68899917602539,31.68899917602539,34.013999938964844,29.76409912109375,33.141998291015625,204578000,SHOP
2022-06-20,38.52299880981445,38.52299880981445,38.78969955444336,32.1609992980957,32.400001525878906,156593000,SHOP
2022-06-27,31.40999984741211,31.40999984741211,39.5,30.700000762939453,39.24800109863281,179557600,SHOP
2022-07-04,35.56999969482422,35.56999969482422,36.75,29.719999313354492,30.84000015258789,100003100,SHOP
2022-07-11,31.270000457763672,31.270000457763672,35.099998474121094,30.020000457763672,34.7599983215332,116950900,SHOP
2022-07-18,37.349998474121094,37.349998474121094,40.68000030517578,31.829999923706055,31.920000076293945,166369300,SHOP
2022-07-25,34.83000183105469,34.83000183105469,37.43000030517578,30.549999237060547,37.04999923706055,229699100,SHOP
2022-08-01,40.810001373291016,40.810001373291016,42.59000015258789,34.04999923706055,34.900001525878906,154542500,SHOP
2022-08-08,40.7599983215332,40.7599983215332,45.43000030517578,36.310001373291016,41.40999984741211,189827900,SHOP
2022-08-15,34.20000076293945,34.20000076293945,41.099998474121094,34.11000061035156,40.13999938964844,137362400,SHOP
2022-08-22,32.41999816894531,32.41999816894531,34.709999084472656,31.799999237060547,33.38999938964844,122035600,SHOP
2022-08-29,30.110000610351562,30.110000610351562,33.349998474121094,29.820999145507812,31.760000228881836,140832700,SHOP
2022-09-05,34.810001373291016,34.810001373291016,34.900001525878906,29.06999969482422,30.149999618530273,118952500,SHOP
2022-09-12,31.729999542236328,31.729999542236328,35.810001373291016,31.219999313354492,34.75,132286300,SHOP
2022-09-19,28.760000228881836,28.760000228881836,33.029998779296875,27.649999618530273,31.170000076293945,142065600,SHOP
2022-09-26,26.940000534057617,26.940000534057617,29.940000534057617,26.3799991607666,28.670000076293945,130053000,SHOP
2022-10-03,27.209999084472656,27.209999084472656,31.844999313354492,26.479999542236328,27.299999237060547,159361200,SHOP
2022-10-10,26.059999465942383,26.059999465942383,27.389999389648438,23.6299991607666,27.280000686645508,139508400,SHOP
2022-10-17,29.75,29.75,30.81999969482422,27.06999969482422,27.450000762939453,138202300,SHOP
2022-10-24,34.189998626708984,34.189998626708984,34.779998779296875,27.829999923706055,29.31999969482422,198411200,SHOP
2022-10-31,32.150001525878906,32.150001525878906,36.400001525878906,31.329999923706055,34.06999969482422,167159700,SHOP
2022-11-07,39.439998626708984,39.439998626708984,40.92100143432617,30.440000534057617,32.61000061035156,123968300,SHOP
2022-11-14,36.59000015258789,36.59000015258789,41.72999954223633,36.08000183105469,39.04999923706055,93517300,SHOP
2022-11-21,36.790000915527344,36.790000915527344,37.040000915527344,34.380001068115234,35.77000045776367,53606900,SHOP
2022-11-28,43.060001373291016,43.060001373291016,45.060001373291016,36.72999954223633,38.79999923706055,166863100,SHOP
2022-12-05,38.380001068115234,38.380001068115234,43.70000076293945,36.560001373291016,42.77000045776367,111131800,SHOP
2022-12-12,36.09000015258789,36.09000015258789,42.70000076293945,35.650001525878906,37.91999816894531,102473200,SHOP
2022-12-19,33.709999084472656,33.709999084472656,37.099998474121094,33.10499954223633,36.099998474121094,74011700,SHOP
2022-12-26,34.709999084472656,34.709999084472656,35.380001068115234,32.349998474121094,33.060001373291016,56651600,SHOP
2023-01-02,36.849998474121094,36.849998474121094,37.77000045776367,34.650001525878906,35.689998626708984,71333500,SHOP
2023-01-09,38.88999938964844,38.88999938964844,39.06999969482422,35.599998474121094,37.70000076293945,101903800,SHOP
2023-01-16,40.47999954223633,40.47999954223633,41.029998779296875,37.90999984741211,39.189998626708984,69910000,SHOP
2023-01-23,50.08000183105469,50.08000183105469,50.16999816894531,41.900001525878906,42.11000061035156,158065100,SHOP
2023-01-30,52.93000030517578,52.93000030517578,54.665000915527344,47.04999923706055,49.58000183105469,115604600,SHOP
2023-02-06,48.29999923706055,48.29999923706055,52.88999938964844,47.32600021362305,51.66999816894531,79254000,SHOP
2023-02-13,43.61000061035156,43.61000061035156,53.70000076293945,42.91999816894531,48.380001068115234,159169100,SHOP
2023-02-20,40.75,40.75,42.92499923706055,39.869998931884766,42.130001068115234,85990500,SHOP
2023-02-27,43.400001525878906,43.400001525878906,43.48899841308594,39.02000045776367,40.939998626708984,78897000,SHOP
2023-03-06,41.459999084472656,41.459999084472656,45.97999954223633,40.52000045776367,43.709999084472656,88147900,SHOP
2023-03-13,44.68000030517578,44.68000030517578,45.380001068115234,39.790000915527344,40.52000045776367,86154700,SHOP
2023-03-20,44.97999954223633,44.97999954223633,47.31999969482422,42.779998779296875,44.11000061035156,73693200,SHOP
2023-03-27,47.939998626708984,47.939998626708984,48.1349983215332,44.0,45.36000061035156,59462900,SHOP
2023-04-03,45.349998474121094,45.349998474121094,48.2599983215332,43.5,47.25,45919800,SHOP
2023-04-10,46.38999938964844,46.38999938964844,48.75,44.04899978637695,44.689998626708984,72424000,SHOP
2023-04-17,48.939998626708984,48.939998626708984,49.86000061035156,45.90999984741211,46.11000061035156,65759300,SHOP
2023-04-24,48.45000076293945,48.45000076293945,49.45500183105469,46.16999816894531,48.849998474121094,49434300,SHOP
2023-05-01,62.029998779296875,62.029998779296875,62.53900146484375,46.08000183105469,48.130001068115234,168336300,SHOP
2023-05-08,61.33000183105469,61.33000183105469,65.54000091552734,61.0099983215332,61.599998474121094,104379400,SHOP
2023-05-15,60.20000076293945,60.20000076293945,62.31999969482422,59.41999816894531,60.7599983215332,56641900,SHOP
2023-05-22,59.2599983215332,59.2599983215332,64.0459976196289,57.0099983215332,60.209999084472656,80643100,SHOP
2023-05-29,58.290000915527344,58.290000915527344,61.4900016784668,55.41999816894531,60.599998474121094,55513300,SHOP
2023-06-05,61.36000061035156,61.36000061035156,64.81999969482422,57.939998626708984,58.040000915527344,87979700,SHOP
2023-06-12,64.70999908447266,64.70999908447266,67.36000061035156,61.93000030517578,62.099998474121094,81613200,SHOP
2023-06-19,63.790000915527344,63.790000915527344,66.56999969482422,61.58000183105469,65.0,45148500,SHOP
2023-06-26,64.5999984741211,64.5999984741211,66.30500030517578,62.779998779296875,63.369998931884766,48321800,SHOP
2023-07-03,61.66999816894531,61.66999816894531,66.41999816894531,61.439998626708984,65.04000091552734,41335900,SHOP
2023-07-10,68.44999694824219,68.44999694824219,71.43000030517578,60.5099983215332,61.25,66742800,SHOP
2023-07-17,65.56999969482422,65.56999969482422,69.88999938964844,65.0250015258789,68.5999984741211,51915600,SHOP
2023-07-24,66.04000091552734,66.04000091552734,67.79000091552734,63.525001525878906,67.0,48258500,SHOP
2023-07-31,57.93000030517578,57.93000030517578,68.30999755859375,57.66999816894531,66.94999694824219,97486500,SHOP
2023-08-07,55.27000045776367,55.27000045776367,58.058998107910156,54.709999084472656,57.61000061035156,53173200,SHOP
2023-08-14,53.13999938964844,53.13999938964844,56.20000076293945,51.20000076293945,54.540000915527344,50829700,SHOP
2023-08-21,55.540000915527344,55.540000915527344,57.16999816894531,52.89899826049805,53.40999984741211,45373400,SHOP
2023-08-28,66.70999908447266,66.70999908447266,67.5999984741211,55.75,56.2400016784668,69738200,SHOP
2023-09-04,63.0099983215332,63.0099983215332,66.48999786376953,62.78499984741211,66.23999786376953,34836500,SHOP
2023-09-11,62.380001068115234,62.380001068115234,64.91999816894531,61.72200012207031,63.38999938964844,37768500,SHOP
2023-09-18,53.08000183105469,53.08000183105469,62.41999816894531,52.88999938964844,62.040000915527344,54401000,SHOP
2023-09-25,54.56999969482422,54.56999969482422,55.59000015258789,50.59000015258789,52.709999084472656,55125700,SHOP
2023-10-02,53.650001525878906,53.650001525878906,55.209999084472656,51.02000045776367,54.220001220703125,52218400,SHOP
2023-10-09,51.54999923706055,51.54999923706055,55.63800048828125,50.689998626708984,52.40999984741211,53153300,SHOP
2023-10-16,51.13999938964844,51.13999938964844,56.19599914550781,50.619998931884766,51.91999816894531,52636200,SHOP
2023-10-23,46.400001525878906,46.400001525878906,52.880001068115234,45.810001373291016,50.529998779296875,59268300,SHOP
2023-10-30,61.470001220703125,61.470001220703125,61.84000015258789,45.5,47.09000015258789,107700900,SHOP
2023-11-06,61.34000015258789,61.34000015258789,63.34000015258789,59.709999084472656,61.59000015258789,58893300,SHOP
2023-11-13,68.33999633789062,68.33999633789062,68.88999938964844,60.2400016784668,61.22999954223633,53959600,SHOP
2023-11-20,70.3499984741211,70.3499984741211,71.58000183105469,67.7300033569336,67.7300033569336,33764100,SHOP
2023-11-27,73.86000061035156,73.86000061035156,75.05999755859375,71.0790023803711,71.80999755859375,62912500,SHOP
2023-12-04,72.5199966430664,72.5199966430664,75.47000122070312,70.04000091552734,73.0,54694600,SHOP
2023-12-11,76.81999969482422,76.81999969482422,77.94999694824219,71.06999969482422,72.43000030517578,48100000,SHOP
2023-12-18,76.83000183105469,76.83000183105469,79.98999786376953,75.1500015258789,75.75,45523800,SHOP
2023-12-25,77.9000015258789,77.9000015258789,79.7300033569336,76.44000244140625,76.83000183105469,28437600,SHOP
2024-01-01,74.51000213623047,74.51000213623047,76.62999725341797,70.61499786376953,76.44000244140625,44546500,SHOP
2024-01-08,81.4000015258789,81.4000015258789,83.19000244140625,74.72000122070312,74.77999877929688,48839800,SHOP
2024-01-15,80.01000213623047,80.01000213623047,82.13999938964844,76.30999755859375,80.27999877929688,49043100,SHOP
2024-01-22,81.55000305175781,81.55000305175781,83.36000061035156,79.13999938964844,80.91000366210938,36154000,SHOP
2024-01-29,82.93000030517578,82.93000030517578,83.57499694824219,75.81999969482422,81.73999786376953,50606900,SHOP
2024-02-05,90.72000122070312,90.72000122070312,91.44000244140625,79.7699966430664,82.44000244140625,59540600,SHOP
2024-02-12,81.29000091552734,81.29000091552734,91.56999969482422,77.01000213623047,91.4000015258789,104565500,SHOP
2024-02-19,76.23999786376953,76.23999786376953,80.58000183105469,73.8499984741211,79.94999694824219,42438800,SHOP
2024-02-26,76.58999633789062,76.58999633789062,78.66000366210938,74.72699737548828,76.30999755859375,36087300,SHOP
2024-03-04,76.16000366210938,76.16000366210938,79.58000183105469,72.63999938964844,76.47000122070312,39880300,SHOP
2024-03-11,77.1500015258789,77.1500015258789,79.80000305175781,74.44000244140625,75.5999984741211,34899400,SHOP
2024-03-18,78.72000122070312,78.72000122070312,83.38999938964844,75.30000305175781,78.0,33878100,SHOP
2024-03-25,77.16999816894531,77.16999816894531,79.75,77.0,78.0999984741211,17698900,SHOP
2024-04-01,75.27999877929688,75.27999877929688,79.29000091552734,73.69000244140625,77.3499984741211,38273800,SHOP
2024-04-08,70.0,70.0,75.45999908447266,69.19000244140625,75.20999908447266,42199700,SHOP
2024-04-15,69.66999816894531,69.66999816894531,71.62999725341797,68.01499938964844,70.0,44793800,SHOP
2024-04-22,71.33000183105469,71.33000183105469,74.71600341796875,69.31999969482422,70.05000305175781,32894500,SHOP
2024-04-29,74.45999908447266,74.45999908447266,74.87999725341797,68.87999725341797,73.80999755859375,38330600,SHOP
2024-05-06,58.939998626708984,58.939998626708984,77.82499694824219,58.650001525878906,75.0,131233300,SHOP
2024-05-13,58.529998779296875,58.529998779296875,59.66999816894531,56.91999816894531,59.06999969482422,66296600,SHOP
2024-05-20,56.970001220703125,56.970001220703125,60.11000061035156,56.90999984741211,58.869998931884766,60142000,SHOP
2024-05-27,59.150001525878906,59.150001525878906,59.22999954223633,56.310001373291016,57.0099983215332,40642100,SHOP
2024-06-03,61.59000015258789,61.59000015258789,61.939998626708984,58.380001068115234,59.40999984741211,45813000,SHOP
2024-06-10,67.66000366210938,67.66000366210938,68.20999908447266,61.27000045776367,61.380001068115234,63404500,SHOP
2024-06-17,65.02999877929688,65.02999877929688,67.33000183105469,63.150001525878906,67.25,38691200,SHOP
2024-06-24,66.05000305175781,66.05000305175781,67.18000030517578,63.40999984741211,65.62000274658203,37697400,SHOP
2024-07-01,67.62999725341797,67.62999725341797,68.04299926757812,63.04999923706055,65.95999908447266,25530800,SHOP
2024-07-08,64.88999938964844,64.88999938964844,67.79299926757812,64.61000061035156,67.52999877929688,33267000,SHOP
2024-07-15,63.15999984741211,63.15999984741211,70.04000091552734,62.45000076293945,65.02999877929688,57257000,SHOP
2024-07-22,59.939998626708984,59.939998626708984,63.779998779296875,58.040000915527344,63.459999084472656,34921800,SHOP
2024-07-29,54.43000030517578,54.43000030517578,62.0,52.54499816894531,60.150001525878906,48321400,SHOP
2024-08-05,69.30000305175781,69.30000305175781,69.32499694824219,48.560001373291016,48.58599853515625,115891700,SHOP
2024-08-12,74.55000305175781,74.55000305175781,75.3550033569336,68.05000305175781,69.08999633789062,46965100,SHOP
2024-08-19,76.13999938964844,76.13999938964844,76.44000244140625,73.91999816894531,74.55000305175781,30698700,SHOP
2024-08-26,74.06999969482422,74.06999969482422,76.83000183105469,71.76000213623047,76.11000061035156,20627900,SHOP
2024-09-02,67.01000213623047,67.01000213623047,73.22000122070312,65.86000061035156,73.1500015258789,21063000,SHOP
2024-09-09,72.44999694824219,72.44999694824219,73.44000244140625,66.94999694824219,68.4800033569336,27733100,SHOP
2024-09-16,78.72000122070312,78.72000122070312,79.5199966430664,71.47000122070312,72.0999984741211,34878700,SHOP
2024-09-23,79.20999908447266,79.20999908447266,81.1500015258789,78.7699966430664,79.0,28019600,SHOP
2024-09-30,82.43000030517578,82.43000030517578,82.63999938964844,77.69000244140625,79.06999969482422,25592800,SHOP
2024-10-07,83.23999786376953,83.23999786376953,84.19999694824219,80.30000305175781,81.8499984741211,23673200,SHOP
2024-10-14,82.68000030517578,82.68000030517578,84.37000274658203,80.33999633789062,83.83999633789062,22555800,SHOP
2024-10-21,79.05000305175781,79.05000305175781,83.25499725341797,78.77999877929688,82.02999877929688,22710900,SHOP
2024-10-28,78.98999786376953,78.98999786376953,80.80000305175781,77.12000274658203,79.61499786376953,22998200,SHOP
2024-11-04,87.12000274658203,87.12000274658203,87.26000213623047,77.69999694824219,78.70999908447266,27469300,SHOP
2024-11-11,108.48999786376953,108.48999786376953,115.62000274658203,88.70999908447266,88.94999694824219,128514400,SHOP
2024-11-18,106.95999908447266,106.95999908447266,109.11000061035156,102.58000183105469,108.9000015258789,41040900,SHOP
2024-11-25,115.5999984741211,115.5999984741211,116.3499984741211,108.62999725341797,109.30000305175781,29012200,SHOP
2024-12-02,118.37000274658203,118.37000274658203,120.72000122070312,111.04000091552734,115.22000122070312,41267100,SHOP
2024-12-09,114.62999725341797,114.62999725341797,118.94000244140625,112.68499755859375,118.58999633789062,28651000,SHOP
2024-12-16,108.94999694824219,108.94999694824219,120.0989990234375,104.5,115.7249984741211,39287100,SHOP
2024-12-23,108.18000030517578,108.18000030517578,110.62000274658203,106.5199966430664,108.52999877929688,12134400,SHOP
2024-12-30,109.25,109.25,109.69000244140625,104.54000091552734,105.06999969482422,15257100,SHOP
2025-01-06,103.70999908447266,103.70999908447266,115.37000274658203,99.79100036621094,112.23999786376953,27383200,SHOP
2025-01-13,103.3499984741211,103.3499984741211,105.80000305175781,99.05000305175781,101.0,29102500,SHOP
2025-01-20,107.68000030517578,107.68000030517578,109.38999938964844,103.80000305175781,104.13999938964844,18804700,SHOP
2025-01-27,116.80000305175781,116.80000305175781,122.0,102.5199966430664,104.44999694824219,42602000,SHOP
2025-02-03,117.41000366210938,117.41000366210938,122.80999755859375,110.55000305175781,111.87000274658203,35036500,SHOP
2025-02-10,128.35000610351562,128.35000610351562,128.57000732421875,114.69999694824219,121.45999908447266,80662400,SHOP
2025-02-17,115.55999755859375,115.55999755859375,129.3800048828125,115.30000305175781,129.0800018310547,33938800,SHOP
2025-02-24,112.0,112.0,117.02999877929688,107.0,115.55999755859375,35490400,SHOP
2025-03-03,100.12999725341797,100.12999725341797,115.20899963378906,95.36000061035156,112.88999938964844,56130600,SHOP
2025-03-10,94.8499984741211,94.8499984741211,99.13500213623047,89.0999984741211,96.06999969482422,55185800,SHOP
2025-03-17,104.20999908447266,104.20999908447266,104.43000030517578,92.91000366210938,95.0199966430664,46252900,SHOP
2025-03-24,96.68000030517578,96.68000030517578,111.0,95.86100006103516,106.94999694824219,43966100,SHOP
2025-03-31,76.88999938964844,76.88999938964844,101.44999694824219,69.83999633789062,92.72000122070312,92631000,SHOP
2025-04-07,83.70999908447266,83.70999908447266,94.13999938964844,69.98999786376953,70.29499816894531,102282500,SHOP
2025-04-14,83.6500015258789,83.6500015258789,88.2699966430664,81.31999969482422,87.05999755859375,37851600,SHOP
2025-04-21,97.12000274658203,97.12000274658203,98.63999938964844,80.3499984741211,82.2699966430664,46518100,SHOP
2025-04-28,99.25,99.25,100.48999786376953,92.4000015258789,96.8499984741211,45352100,SHOP
2025-05-05,91.7699966430664,91.7699966430664,99.45999908447266,88.13999938964844,95.4000015258789,87274500,SHOP
2025-05-12,110.75,110.75,112.37999725341797,99.01000213623047,104.0,171274300,SHOP
2025-05-19,101.51000213623047,101.51000213623047,109.91999816894531,100.30999755859375,108.80999755859375,39571400,SHOP
2025-05-26,107.22000122070312,107.22000122070312,110.68000030517578,103.9000015258789,104.3550033569336,33199300,SHOP
2025-06-02,111.41000366210938,111.41000366210938,112.08000183105469,102.80999755859375,106.25499725341797,39864300,SHOP
2025-06-09,105.33999633789062,105.33999633789062,117.36000061035156,104.66000366210938,110.41999816894531,45014100,SHOP
2025-06-16,106.4000015258789,106.4000015258789,109.4800033569336,105.30000305175781,107.95999908447266,28492800,SHOP
2025-06-23,113.6500015258789,113.6500015258789,115.16000366210938,103.91200256347656,106.19499969482422,44622300,SHOP
2025-06-30,116.5199966430664,116.5199966430664,117.45999908447266,111.77999877929688,115.08999633789062,23145100,SHOP
2025-07-07,112.11000061035156,112.11000061035156,118.3499984741211,111.33000183105469,115.94999694824219,31683300,SHOP
2025-07-14,127.06999969482422,127.06999969482422,129.0800018310547,111.7249984741211,112.9000015258789,50234200,SHOP
2025-07-21,124.43000030517578,124.43000030517578,129.2899932861328,118.87000274658203,126.83499908447266,35237200,SHOP
2025-07-28,118.5999984741211,118.5999984741211,128.14999389648438,115.94999694824219,126.0999984741211,36330500,SHOP
2025-08-04,149.61000061035156,149.61000061035156,156.85000610351562,120.2300033569336,120.2300033569336,80182900,SHOP
2025-08-11,141.47000122070312,141.47000122070312,153.32000732421875,140.6999969482422,150.7550048828125,40663300,SHOP
2025-08-18,142.11000061035156,142.11000061035156,144.41000366210938,134.75,141.38499450683594,30101400,SHOP
2025-08-25,141.27999877929688,141.27999877929688,144.1999969482422,137.27999877929688,140.75,25582800,SHOP
2025-09-01,146.82000732421875,146.82000732421875,147.97000122070312,133.39999389648438,136.9499969482422,20880200,SHOP
2025-09-08,143.3800048828125,143.3800048828125,148.57000732421875,141.3000030517578,147.55999755859375,29856300,SHOP
2025-09-15,153.3000030517578,153.3000030517578,155.1300048828125,142.88999938964844,144.24000549316406,31758300,SHOP
2025-09-22,140.25,140.25,159.00999450683594,139.5,153.17999267578125,35726900,SHOP
2025-09-29,161.13999938964844,161.13999938964844,162.60000610351562,140.91000366210938,141.75,53703100,SHOP
2025-10-06,151.02000427246094,151.02000427246094,169.69000244140625,150.6020050048828,166.5500030517578,45138100,SHOP
2025-10-13,157.75999450683594,157.75999450683594,164.9499969482422,145.16000366210938,154.11500549316406,39227400,SHOP
2025-10-20,172.9499969482422,172.9499969482422,174.74000549316406,159.23399353027344,159.4250030517578,33165500,SHOP
2025-10-27,173.86000061035156,173.86000061035156,182.19000244140625,171.69000244140625,174.77999877929688,48235200,SHOP
2025-11-03,152.41000366210938,152.41000366210938,178.375,146.8800048828125,175.5,61816500,SHOP
2025-11-10,146.0399932861328,146.0399932861328,160.49400329589844,141.0,157.11500549316406,42158700,SHOP
2025-11-17,147.8000030517578,147.8000030517578,154.8699951171875,136.17999267578125,143.64999389648438,58685200,SHOP
2025-11-24,158.63999938964844,158.63999938964844,161.0,147.0800018310547,149.02000427246094,27169800,SHOP
2025-12-01,161.0800018310547,161.0800018310547,163.25999450683594,149.08999633789062,152.8000030517578,36611000,SHOP
2025-12-08,164.19000244140625,164.19000244140625,168.92999267578125,156.30999755859375,161.91000366210938,28620100,SHOP
2025-12-15,169.57000732421875,169.57000732421875,172.9600067138672,155.66000366210938,166.69000244140625,43768300,SHOP
2025-12-22,170.8300018310547,170.8300018310547,172.97999572753906,166.91000366210938,172.7100067138672,13293700,SHOP
2025-12-29,157.1999969482422,157.1999969482422,170.8800048828125,155.14999389648438,169.75,18617700,SHOP
2026-01-05,164.47999572753906,164.47999572753906,169.5500030517578,158.60000610351562,158.83999633789062,24501300,SHOP
2026-01-12,155.80999755859375,155.80999755859375,170.89999389648438,153.77999877929688,162.531005859375,34286800,SHOP
2026-01-19,137.88999938964844,137.88999938964844,151.72000122070312,134.64999389648438,150.08200073242188,48353800,SHOP
2026-01-26,131.22999572753906,131.22999572753906,144.13999938964844,130.42999267578125,136.72999572753906,49815500,SHOP
2026-02-02,112.05000305175781,112.05000305175781,136.6179962158203,108.78700256347656,132.0,90683200,SHOP
2026-02-09,112.69999694824219,112.69999694824219,139.10000610351562,104.91999816894531,112.66500091552734,149940200,SHOP
2026-02-16,126.19999694824219,126.19999694824219,131.00999450683594,110.91000366210938,112.5,60479700,SHOP
2026-02-23,120.7300033569336,120.7300033569336,126.0,115.69999694824219,123.93499755859375,63514403,SHOP
