Price,Close,High,Low,Open,Volume
Ticker,DG,DG,DG,DG,DG
Date,,,,,
2009-11-09,19.6845645904541,20.00499158407891,18.83586838824254,19.05237262259016,22079100
2009-11-16,20.100252151489258,20.204174909874684,19.164953933205243,19.831787365704866,6438700
2009-11-23,20.04828643798828,20.767080238772966,19.693219720238964,20.524596617946575,1878200
2009-11-30,20.654497146606445,20.76707858275607,19.589297078300117,20.022305397299014,2955900
2009-12-07,20.21283721923828,21.451241812340832,19.918391302621043,20.585224799183397,2982500
2009-12-14,19.546003341674805,20.20417645706056,19.121655211714845,20.16953663614359,4513700
2009-12-21,19.182270050048828,20.134888774017416,19.138969874694,19.485376232920082,2659800
2009-12-28,19.42476463317871,19.779831526948733,19.182279240346933,19.182279240346933,1257800
2010-01-04,20.67182159423828,20.91430523934633,19.398775850237236,19.52867803894454,3016900
2010-01-11,21.096168518066406,21.217410334258926,20.40335412831921,20.654499778198982,1771100
2010-01-18,20.21283721923828,21.5638232972609,19.719207786025958,21.13081479068218,2365100
2010-01-25,20.34273338317871,20.888324864007235,19.970345914123406,20.47263556611069,928800
2010-02-01,18.801225662231445,20.66316327470708,18.446158873758442,20.507279972100182,3294600
2010-02-08,19.5286808013916,19.71054521274438,18.844528296464553,18.948449401412272,1065900
2010-02-15,20.420677185058594,20.749762860110128,19.28619557805424,19.615281253105774,746800
2010-02-22,20.68914222717285,21.087510841135853,19.996329400884242,20.351396180831664,1021200
2010-03-01,21.2347354888916,21.425258618565575,20.585222792344073,20.79306665702374,1005500
2010-03-08,21.76300048828125,21.86692322644464,21.217410655362126,21.26071083271594,733300
2010-03-15,22.170028686523438,22.9581037811028,21.529176502568564,21.788980861649033,1706500
2010-03-22,21.64175033569336,22.49044603863147,21.035539827221243,22.135379435324808,2854600
2010-03-29,22.100744247436523,22.862838136198377,21.520513053614945,21.849598638085936,3334100
2010-04-05,22.923465728759766,23.469057276498702,21.988167584431956,22.282613449479236,2585400
2010-04-12,24.768081665039062,25.010565320257108,22.672320870648157,22.906145811147855,17545200
2010-04-19,25.44357681274414,25.712043251773824,24.16187214591754,24.76808466087953,6501300
2010-04-26,24.742103576660156,25.902566402078957,24.525599342840174,24.724782841523467,4638900
2010-05-03,23.547000885009766,25.36563677576858,23.157292604205658,24.75942426158357,4756300
2010-05-10,25.348318099975586,25.928549558646512,23.650923913438234,24.161874077870678,6722800
2010-05-17,25.590805053710938,26.15371749915425,24.79406924289203,25.426262991371917,4981800
2010-05-24,26.179683685302734,27.175602531059827,25.313667010419053,25.63409390691613,10652400
2010-05-31,26.015151977539062,27.20159436554931,25.616783290876874,26.179694021437705,3587700
2010-06-07,25.95452308654785,27.04570446054932,24.97592482235544,26.145047841056726,7905800
2010-06-14,26.11040496826172,26.55207371381708,25.538834039142046,26.136386065692935,6971700
2010-06-21,25.18377113342285,26.31825279854504,24.38703552733948,26.31825279854504,8268500
2010-06-28,24.25712776184082,25.227065532703115,23.564313416572,25.175104993641575,5187900
2010-07-05,24.369712829589844,24.594877401406034,23.04470814978151,24.387033562451705,6716700
2010-07-12,25.19243049621582,26.12772863547907,23.624940447925642,24.3523947397744,6182500
2010-07-19,25.434913635253906,25.694718009351305,24.863341039006965,25.2876907161198,3315200
2010-07-26,25.27037239074707,25.98050595592155,24.54291809183758,25.616778806466808,4179400
2010-08-02,25.495532989501953,26.153705902409005,25.114485165861907,25.564814261818704,3445300
2010-08-09,24.90664291381836,25.997824260213967,24.33507196834389,25.512853671729744,3384500
2010-08-16,25.495532989501953,25.686056075424066,24.742097707735933,24.871999886855363,2604900
2010-08-23,24.326416015625,25.512858300315425,23.564320182201044,25.512858300315425,5130700
2010-08-30,24.27444839477539,25.34830889124987,23.070684073474396,24.413010932914307,5577500
2010-09-06,23.772167205810547,24.456319773857242,23.65092370312409,24.2831173656994,4201100
2010-09-13,23.746187210083008,24.161874991227556,23.477722391235037,23.97135183781874,3867100
2010-09-20,24.447656631469727,24.568900120398016,23.382456243475794,23.754843773862977,4356400
2010-09-27,25.24439239501953,25.893905072344882,24.29177347124978,24.54291916601107,5819200
2010-10-04,25.980499267578125,26.093080704280876,25.053861724655146,25.166443161357893,1769000
2010-10-11,25.053869247436523,26.04112798746839,24.378375469006418,26.04112798746839,3342800
2010-10-18,24.421674728393555,25.408933364256775,24.040626869090076,25.105827150078916,2942700
2010-10-25,24.41301155090332,25.00190317879875,23.72885755620252,24.577553536736147,4097500
2010-11-01,24.24846649169922,25.027881155716127,23.63359545566449,24.43898956234469,6209000
2010-11-08,25.13180923461914,25.850603149791134,23.685561037610906,24.257132023082804,4097500
2010-11-15,26.8118839263916,26.829204661788626,24.889326895820435,25.2270729770812,5722000
2010-11-22,28.353397369384766,29.210752329288788,26.543420097844564,26.656003230213184,5105400
2010-11-29,28.950952529907227,29.167456809488588,27.34016016124699,28.180197823172477,7599400
2010-12-06,26.907142639160156,27.71253855520826,26.48279459074905,27.64325727489208,21820800
2010-12-13,26.552074432373047,27.037043368308847,26.222988781651306,27.028383002264075,7406700
2010-12-20,26.681978225708008,27.270869937836444,26.543415664242026,26.742599139874873,3230200
2010-12-27,26.56073570251465,26.829200451857133,26.222989674251647,26.699298260355672,5163000
2011-01-03,25.833284378051758,26.84652422956191,25.123150775621703,26.84652422956191,8874100
2011-01-10,25.512855529785156,26.24030981369475,24.759421797604823,25.850603223469214,6129100
2011-01-17,25.469560623168945,26.127733761678208,25.21841654435942,25.469560623168945,12157500
2011-01-24,24.594877243041992,25.538835704587335,24.430333585505796,25.530175338212167,10484400
2011-01-31,23.789485931396484,25.27037583144938,23.56432131757222,24.551581801539584,11552500
2011-02-07,23.590299606323242,24.464976853091795,23.555659790067004,23.954026761892383,9333400
2011-02-14,25.330991744995117,27.17560682732761,23.079347703969688,23.702880865611306,26933300
2011-02-21,24.24846649169922,25.175104054058984,23.997320867316116,25.062522614994773,8631300
2011-02-28,24.655506134033203,25.131816528018526,24.12723682857571,24.421682773425832,6568500
2011-03-07,24.958600997924805,25.391609347373315,23.867419759099068,24.71611737938293,8357100
2011-03-14,25.85059928894043,26.13638473899362,24.404351307932895,24.84602003106888,9661000
2011-03-21,27.322834014892578,27.799142674985053,25.89390638281892,25.98050840787107,10259000
2011-03-28,27.322834014892578,27.78182524320785,26.283614669655478,27.2968545636343,10590200
2011-04-04,27.556657791137695,28.509275069982582,27.037047315170195,27.37479503303696,7166300
2011-04-11,27.270870208740234,27.773159911993076,27.11498691259348,27.677897530615386,7430300
2011-04-18,26.993741989135742,27.461390172179907,26.77723780303481,27.149625267415747,3176600
2011-04-25,28.22348976135254,29.080847911248426,26.993745747030417,27.037045929560232,5377500
2011-05-02,28.53525733947754,28.855682665492665,27.955024302193205,28.20616999450422,4802200
2011-05-09,28.916296005249023,29.24538326397289,28.23214204492016,28.483287671409197,4130400
2011-05-16,29.124155044555664,30.128734715524573,28.552583909411165,28.83836782518694,4484900
2011-05-23,30.016143798828125,30.09408544723804,28.197509740719646,29.011564387984873,7922700
2011-05-30,27.5739803314209,30.388535471108426,27.114990744763656,30.094089570505105,16418200
2011-06-06,28.20616340637207,29.323325732398008,27.40942798331508,27.44406944387205,8479000
2011-06-13,29.349306106567383,29.409927012668366,28.05894304402744,28.396689036187674,8158100
2011-06-20,28.9596004486084,30.05078346081352,28.587212962302576,29.14146648637052,7229100
2011-06-27,29.444568634033203,29.782314628025393,27.937698079770012,28.821035535222002,7361600
2011-07-04,29.323326110839844,29.851596828581112,29.124142665453906,29.531168269681014,3238800
2011-07-11,28.760417938232422,29.245388549067638,28.57855519801622,29.150126169832863,5146200
2011-07-18,28.75176239013672,29.418595814629615,28.517937425424222,28.691141470054855,3985200
2011-07-25,27.244884490966797,28.760413710505905,26.933119603311297,28.665151345274516,9502900
2011-08-01,26.673316955566406,27.573975226380945,25.93720399213818,27.461392116631142,9130600
2011-08-08,27.418092727661133,27.66923840142478,25.841942360083532,25.96318418780611,11511100
2011-08-15,27.781818389892578,29.591790191035365,27.227566557361317,27.59995401696637,9457700
2011-08-22,28.188846588134766,28.838359197555345,27.322829775573993,28.35339189682017,9602100
2011-08-29,31.22857093811035,31.921383804819886,28.275453409592195,28.353395063571536,15561000
2011-09-05,30.137388229370117,32.155209243654994,29.63510013240335,30.752259451219523,30313000
2011-09-12,32.96925354003906,33.41958259363445,29.990157458859585,30.249961792659256,14495800
2011-09-19,31.652902603149414,33.12513132265211,30.968748771205398,32.73542323460863,12922900
2011-09-26,32.70079803466797,33.24638962910173,31.531676493045207,31.956026245069783,11317300
2011-10-03,32.73543167114258,33.24638167301635,31.029380962723362,32.65749003344686,9592900
2011-10-10,34.06044387817383,34.37220716532994,32.88266044805494,33.1684442871794,7188700
2011-10-17,34.64067840576172,35.03904541456577,33.81796163290637,34.164369738401,7847100
2011-10-24,33.74867248535156,35.255539721433976,33.358964302367625,34.65798937658634,9375900
2011-10-31,33.999820709228516,34.57139170870617,33.41093227959011,33.6187744774408,6329500
2011-11-07,34.5194206237793,34.53674135141704,33.306996117865054,34.008470721034286,3795200
2011-11-14,34.38954544067383,35.02173765946498,33.45424849492588,34.51078733145655,6647200
2011-11-21,33.185768127441406,34.987084907706354,33.185768127441406,34.077764498357624,3996600
2011-11-28,34.58871078491211,35.54998998878397,33.281026833358645,33.5927934187865,7601900
2011-12-05,35.0217170715332,35.723191846169215,33.64475027186446,35.48936692129055,36915000
2011-12-12,35.52400588989258,36.45930222012195,34.64066844803666,34.97841443683036,15168300
2011-12-19,35.697227478027344,35.896411023294405,34.84853107939642,35.88774900190403,8526400
2011-12-26,35.62792205810547,36.156192707678464,35.35079701301654,35.73184312411604,4812800
2012-01-02,35.394107818603516,36.00032027576252,35.1256447087645,35.95702009387804,6221100
2012-01-09,35.506683349609375,35.575966268698345,34.49344543486879,35.54132480915386,6604600
2012-01-16,35.472049713134766,36.190845291045946,35.25554549862063,35.662574479056694,5858400
2012-01-23,36.450653076171875,37.23872835811859,35.69721926462978,35.896402764067695,10440000
2012-01-30,36.320743560791016,37.29934347405606,36.312084846333775,36.4679681352996,8504100
2012-02-06,37.143463134765625,37.15212515350267,36.112904245733446,36.398688095804474,7515600
2012-02-13,36.70180130004883,37.36863478493637,35.93970541680697,37.22141017740897,8607200
2012-02-20,36.086917877197266,37.17810087727545,35.70587168075274,36.857675591547284,6460300
2012-02-27,37.039527893066406,37.342632361291535,35.679882186586376,35.948345200274076,9328800
2012-03-05,38.28660583496094,38.45980987332165,36.59787224223039,37.10882233841876,6521500
2012-03-12,38.70229721069336,39.62027638844016,37.602455262058555,38.26063000945213,6884600
2012-03-19,40.81536865234375,41.21373554788779,38.3558810526499,38.71960648677491,12417800
2012-03-26,40.009971618652344,41.092492477903804,38.485780398815045,41.014550843894035,32709000
2012-04-02,40.89332580566406,41.135809520424225,40.001326005409624,40.16587135779074,9482600
2012-04-09,40.09657287597656,40.581543421220914,39.26519763006473,40.40833941909139,9578600
2012-04-16,40.642154693603516,40.85865881905268,39.58561350426257,40.11388409893304,8466800
2012-04-23,41.3782844543457,41.58612995402835,39.35180487270644,40.44298796475412,14488900
2012-04-30,41.18775939941406,42.22697689640906,41.04919684624194,42.16635598587075,10023600
2012-05-07,40.850006103515625,42.08841024729442,40.26977650094636,41.05785156484272,14694500
2012-05-14,39.53367233276367,41.33498574531321,39.29118535722627,40.74609399608165,11959000
2012-05-21,41.2050895690918,41.64675677611461,39.47305560594059,39.49903505823822,10611300
2012-05-28,42.10573196411133,42.867827602042176,40.953931445398844,41.52550234794908,15324100
2012-06-04,43.551979064941406,43.95034593971034,40.22647492474873,42.322233677430745,45716500
2012-06-11,45.197418212890625,45.197418212890625,42.980417191156036,43.950355138164916,23057700
2012-06-18,45.55248260498047,45.95085284586532,44.63450690631349,45.058853290597526,22792700
2012-06-25,47.102657318115234,47.890732542479874,45.28402320145598,45.46588595240346,19831000
2012-07-02,47.27586364746094,47.67423063655602,45.91621735158991,47.29318438223799,10625000
2012-07-09,47.22389602661133,48.53158327175357,46.72160799005808,47.18059584643135,11341400
2012-07-16,45.32731246948242,47.91670375662479,44.52191670512394,47.19790833750407,15990800
2012-07-23,44.15819549560547,45.84692551368422,42.798546160047316,44.7297664179379,19454000
2012-07-30,44.9462776184082,45.249382206488455,43.57796935543509,44.573890093856896,13141500
2012-08-06,44.83367919921875,45.87289976651115,44.253446366847456,44.998221161800195,8581100
2012-08-13,44.469966888427734,45.81229573822059,43.56064979607205,44.851016442110286,10796500
2012-08-20,43.00638961791992,44.67780212984363,41.73334399909938,44.67780212984363,12750100
2012-08-27,44.22748565673828,44.53059026975123,41.75933865479712,42.78989764263365,22387100
2012-09-03,43.17094039916992,45.032878023501596,43.127640215635004,44.44398627736843,17098400
2012-09-10,43.43940734863281,44.184182407380376,42.01047814953878,42.89381577943062,14002800
2012-09-17,45.84693145751953,45.84693145751953,43.11031830738275,43.274863625363146,15383300
2012-09-24,44.6345100402832,46.21066047118998,44.17551885513015,45.37928507318046,41857500
2012-10-01,44.76441192626953,45.43124532906515,44.340065499503766,45.03287835189133,23775000
2012-10-08,42.65134048461914,44.85968334137829,42.348235833069175,44.842362603633596,23856700
2012-10-15,40.850006103515625,44.01096837610179,39.473042723640816,42.919788789011264,39494300
2012-10-22,41.248390197753906,41.534174086856275,40.28711080936909,40.876002627413975,15484500
2012-10-29,41.369625091552734,42.43482541471556,41.28302142487765,41.91521662903344,9546000
2012-11-05,40.69412612915039,41.837267907249796,40.590201746711145,41.1357931919468,12706300
2012-11-12,42.175018310546875,42.27028068596923,40.22648053411743,40.55556783914235,17383200
2012-11-19,42.7899055480957,42.84186776432334,41.005909100731074,42.17503418890442,9043100
2012-11-26,43.300838470458984,43.99365122526797,42.09707568955491,42.7032880888597,96844900
2012-12-03,40.52958297729492,43.50868269233647,39.64624550157389,43.33547868273773,29154600
2012-12-10,37.95751953125,40.61619095513887,36.58921134379342,40.52958728932968,66055100
2012-12-17,37.7843132019043,38.399184325535444,37.411925720585856,37.92287575516754,27179100
2012-12-24,36.978919982910156,38.009478840301036,36.89231631615961,37.741015732354555,8553200
2012-12-31,38.624359130859375,38.754263009871515,34.40685701993076,36.89232502985953,37999700
2013-01-07,37.533164978027344,38.50310278461813,36.883652434547585,38.48578205369434,18010600
2013-01-14,38.66765213012695,39.178602183370906,37.048198306697486,37.44656855252252,15667400
2013-01-21,40.56423568725586,40.572894403520344,38.633018208198074,38.82354300194303,16760200
2013-01-28,40.079246520996094,40.91062495383033,39.9666667434633,40.503596101483936,17570900
2013-02-04,39.83677291870117,40.278440034436755,38.953435383638066,40.05327711934628,25797400
2013-02-11,38.42516326904297,40.39102173895811,37.8968925092677,39.7068676958527,33012200
2013-02-18,39.86275100708008,40.027296308261384,37.541825790975764,38.20000038851737,21644900
2013-02-25,41.196414947509766,41.21373567827408,38.61568552827636,39.98399022274086,23629500
2013-03-04,41.38694763183594,42.60803130473416,41.040539557195665,41.2224023097653,17436100
2013-03-11,41.72468948364258,42.28760172231846,41.09249761917428,41.38694346187381,14038400
2013-03-18,43.36145782470703,43.72518657268011,41.10115360904877,41.34364054222805,22700200
2013-03-25,43.803131103515625,45.8209485192274,43.162277221244686,45.49186121192113,55730900
2013-04-01,43.64724349975586,44.05426910696061,43.23155257184938,43.96766875740851,17156900
2013-04-08,43.569305419921875,44.4613016467627,43.092993547733236,43.54332267006223,25263100
2013-04-15,44.87699890136719,45.024223503414426,42.911139992662136,43.30950700404927,22419000
2013-04-22,45.751678466796875,45.85559957899952,44.49595318980815,44.80771983000867,10589800
2013-04-29,45.45722579956055,45.8988929384062,44.77307169686183,45.74300964149783,8775200
2013-05-06,45.72568893432617,46.903472376712664,45.474543255430675,45.99415534662054,13699400
2013-05-13,46.834205627441406,46.91214399378343,45.396614092285574,45.76034298651343,10179700
2013-05-20,47.12864303588867,47.46639243719148,46.29726751789555,46.747596749373315,12454300
2013-05-27,45.72568893432617,47.77814794000704,45.656409304322786,47.518343546208165,9338900
2013-06-03,44.24480056762695,46.756250729598165,42.097079196980324,45.95085480265667,38778300
2013-06-10,44.32274627685547,45.0328798877206,43.439408621088326,44.262125356678624,16793300
2013-06-17,43.482696533203125,45.43989607205933,42.841846042619075,44.487275745776365,17318500
2013-06-24,43.67322540283203,44.97225054080183,42.86782955300341,43.11031318827508,19382800
2013-07-01,45.041534423828125,45.76032998721526,43.759829896233704,44.19283831651258,11158100
2013-07-08,46.56572341918945,48.323736454214114,44.59120618562119,45.032873297069706,24712300
2013-07-15,46.15870666503906,46.93812330717377,45.950864429531656,46.704298314533354,11016300
2013-07-22,46.57438278198242,47.0853328298027,45.933532195382575,46.219316023571174,13561500
2013-07-29,48.31508255004883,48.34106199931114,46.27994089896736,46.600369523299584,14607600
2013-08-05,46.98141098022461,48.18517379289437,46.86882787222479,48.081252702828635,11357600
2013-08-12,45.439903259277344,47.48370346761234,45.37928234662266,46.886149752027634,12736200
2013-08-19,47.67422866821289,48.15053729234298,45.985495088485976,46.33190316253999,15848200
2013-08-26,46.73892593383789,48.58353926745018,46.64366356097127,48.003309619759726,8663900
2013-09-02,49.32831954956055,50.05577384405738,46.2453016424581,47.17193941831105,20283800
2013-09-09,49.21575164794922,49.81330223664159,48.96460590491895,49.53617703867473,9652000
2013-09-16,49.92585754394531,50.84383301153529,48.99055804459956,49.709353397273546,15171800
2013-09-23,49.00789260864258,50.48012188236767,48.938609676423965,49.9518510867729,12495300
2013-09-30,50.89582061767578,50.939120807919664,48.245807349481446,48.696136595921885,12765200
2013-10-07,50.081748962402344,50.540736771060374,48.462295302571526,50.540736771060374,14770800
2013-10-14,50.99973678588867,51.20758230391953,48.87799463390791,49.8132945096581,12926200
2013-10-21,51.52799606323242,51.8484213322334,50.54939622139561,50.9910666090918,8247100
2013-10-28,50.029808044433594,51.70988002178584,49.79598303202596,51.44141683626056,10280200
2013-11-04,49.60545349121094,50.73993696853422,49.198427741185256,50.22032808171335,11181200
2013-11-11,51.320159912109375,51.53666413656807,49.579467401042045,49.648750338593125,11465300
2013-11-18,50.57537841796875,51.57995769390689,49.267691303988876,51.476033307588295,15778400
2013-11-25,49.311012268066406,51.0950086755222,49.29369152971133,50.861183663118304,13089600
2013-12-02,52.134212493896484,52.89630820981912,48.11589503400033,49.28501640317469,29182800
2013-12-09,52.3766975402832,53.537160225918896,52.06493095256137,52.10823113339117,19216800
2013-12-16,52.030303955078125,52.9309591418198,50.826537526707995,52.82703802480975,14845200
2013-12-23,52.056278228759766,53.649749513263146,52.02163675867238,52.177520070473214,11942400
2013-12-30,52.80971145629883,53.49386561688249,51.961015269986795,52.24680243969606,14764000
2014-01-06,54.446475982666016,54.49843818061922,51.0430296511423,53.01755022666852,25486400
2014-01-13,52.047611236572266,54.35121591980802,51.753165376146995,54.23863610816902,20056700
2014-01-20,49.66606140136719,52.31607395825886,49.12913191855881,52.11689049372659,15890700
2014-01-27,48.77406311035156,50.254950960434016,47.70020419004062,49.83926331674026,20016300
2014-02-03,49.44955825805664,50.168353792134184,47.80412831024618,48.912628763810446,19763600
2014-02-10,49.58811950683594,50.22031466515122,48.06393142338644,49.53616061419052,18113400
2014-02-17,49.78731155395508,50.61868696036864,49.137798898270944,49.795970269116964,13682500
2014-02-24,51.874412536621094,52.982913088076515,49.76999124974778,49.83927088241763,16895800
2014-03-03,51.432735443115234,52.497935673813004,51.051689253597985,51.597280743718436,15432000
2014-03-10,49.527503967285156,51.553983590011,49.440903601090326,51.42408304071875,25433200
2014-03-17,50.254947662353516,50.45413110541048,49.48419333377914,49.61409715922963,30419100
2014-03-24,47.977333068847656,50.367538034452274,47.70020795120051,50.28959638863952,38645200
2014-03-31,49.085838317871094,49.83061338289756,47.734850760130605,48.21115939598008,19916300
2014-04-07,47.405765533447266,49.12047856189994,47.137299110965195,48.852012139417866,24310200
2014-04-14,48.003326416015625,48.176530490595766,47.18060953945468,47.70888048030727,12084600
2014-04-21,48.782737731933594,49.06852161549007,47.40577061110761,47.93403819023839,16095700
2014-04-28,49.36296081542969,49.657406678753134,48.24579827779733,48.84335202301992,13582600
2014-05-05,49.137794494628906,49.75266562737743,48.66148261360634,49.09449101192365,16542100
2014-05-12,48.176509857177734,49.527493792388206,47.431734967976304,49.241709999782735,18220000
2014-05-19,48.27177810668945,48.57488266664105,47.2585367281805,48.17651572967839,18796300
2014-05-26,46.57438278198242,48.87798735441462,45.89889073027125,48.33239914507496,25127600
2014-06-02,50.22032165527344,50.532084965315555,46.50510834878373,46.58305000219233,30762500
2014-06-09,52.55857467651367,57.14846447697119,51.666578153472585,54.9314628968158,43829000
2014-06-16,54.40317916870117,54.8621670497797,52.454641223393565,52.57588305586018,23031900
2014-06-23,49.527503967285156,54.377200456816574,49.1551164461814,54.14337550377988,41959700
2014-06-30,50.419498443603516,50.61001989047983,48.92994851141631,49.362956905322655,23182100
2014-07-07,49.18109893798828,50.324240944374736,49.120478021255074,50.02113305711651,22232400
2014-07-14,48.0206298828125,49.388934642328174,47.0593507530381,49.32831373356689,30615300
2014-07-21,48.15919494628906,48.87798717495431,47.41441996708975,48.020632389944446,22435500
2014-07-28,48.297752380371094,49.96916489728536,46.57437767149152,46.591698402146626,40909700
2014-08-04,50.27228546142578,51.52801075396359,48.04662206793695,48.29776778716304,37070300
2014-08-11,49.761322021484375,50.25495130826173,49.15510963138833,50.17700966805521,24319200
2014-08-18,55.1479606628418,56.057281120076425,53.952856324676254,55.425085827692854,70969400
2014-08-25,55.41642761230469,56.325744774162516,54.896815445819804,55.425086328462775,21234100
2014-09-01,54.567718505859375,56.377693796156194,53.961509373274986,55.85808502434329,24905800
2014-09-08,55.36444854736328,56.06591996832654,54.21264473707353,54.59369420386007,20470800
2014-09-15,54.645668029785156,55.49436754493699,53.98749660369978,55.36446368146065,20440900
2014-09-22,53.251380920410156,54.48978205475242,53.000235225199965,54.403181685724505,13455700
2014-09-29,54.04811096191406,54.15203205791913,51.865748124255234,52.98291064298393,16116600
2014-10-06,51.9090461730957,54.17801258387174,51.883066726059745,54.16935056579846,15126200
2014-10-13,51.9177131652832,52.59320528167097,49.44090433373838,51.88307169685504,29191200
2014-10-20,53.909549713134766,54.08275374642552,51.96967048674422,51.97833250538445,18363800
2014-10-27,54.27326965332031,54.92278223396948,53.34663196921485,54.030786013694005,9878500
2014-11-03,55.780147552490234,55.96201029510429,54.1260522250445,54.455139547578554,13988600
2014-11-10,55.98798370361328,56.81935898324763,55.632913667869936,55.6588931129861,15451500
2014-11-17,58.4128303527832,58.84583875156494,54.229970938419385,55.98798728391575,32795500
2014-11-24,57.79795837402344,58.66397515892057,56.62017501798863,58.66397515892057,15116200
2014-12-01,59.071022033691406,59.685893344726686,56.64617826432229,57.98850072401259,26851900
2014-12-08,60.447967529296875,60.83767239643644,58.707272134561975,59.0709975581833,19829600
2014-12-15,59.37412643432617,62.1627023737188,58.67265474284399,60.846359373734785,28280300
2014-12-22,60.10158920288086,60.65583962883224,58.62935614060868,59.365475975337894,10760300
2014-12-29,61.29668426513672,62.093418346217824,60.179521504688275,60.20550095841268,8294300
2015-01-05,58.99306106567383,61.54780773470468,58.94109556983528,61.05417847092918,25797400
2015-01-12,58.568729400634766,59.01906195656873,56.56823217425691,58.689971256343384,40704800
2015-01-19,60.18817138671875,61.33131337035179,57.867245952411146,58.672641891369715,28468800
2015-01-26,58.07509231567383,59.92836798871166,57.82394661698565,59.40875916016377,25597700
2015-02-02,59.036373138427734,60.188177252876216,57.0358761238903,58.14437674852031,17902500
2015-02-09,59.599281311035156,59.65124020944348,58.26561452535122,58.707284983375274,28573000
2015-02-16,62.084754943847656,62.11939641341762,60.023630451135524,60.22281724936664,15736800
2015-02-23,62.890140533447266,63.45304615104185,61.50450840870589,62.587029376670316,13636200
2015-03-02,61.76432800292969,63.67822465076505,61.45256137541774,62.890152669743394,14546400
2015-03-09,64.3450698852539,65.16778344534407,61.38328653312059,61.738356697428124,23909900
2015-03-16,65.62675476074219,66.05976317864857,64.44897133546209,64.55289573434591,18739000
2015-03-23,64.9426040649414,65.97316626776949,63.53966094613015,65.63542021270867,16436900
2015-03-30,65.43622589111328,65.81727538924454,64.17184218307668,65.45354992676491,13695400
2015-04-06,65.87789154052734,66.15501662627999,63.998636846292754,65.03785426606936,16573400
2015-04-13,64.63719177246094,66.24400054822928,64.42874258773729,66.000808728305,15277100
2015-04-20,66.5392837524414,66.81721809945832,64.76744980527951,64.8108797390074,14339800
2015-04-27,63.812049865722656,66.86932763328086,62.92612959328381,66.86932763328086,18659800
2015-05-04,65.01068115234375,65.45364156572246,63.14330551406245,63.86420044384944,15022500
2015-05-11,64.8890609741211,65.34938922371884,63.560186856911265,65.028031493649,13618500
2015-05-18,63.890228271484375,65.10619374235843,62.04891537769788,65.01934048582716,16332100
2015-05-25,63.04772186279297,64.88035360715261,62.98692393591039,64.64584921102754,10332400
2015-06-01,65.57518768310547,66.44373321533203,62.70030409190804,63.17800015874673,17092600
2015-06-08,67.58154296875,67.95501790786601,65.39281058527637,65.68811296079784,12951000
2015-06-15,68.1113510131836,68.34586205891235,66.77378986338438,67.08646684003759,12918000
2015-06-22,69.28874206542969,69.33228851158542,68.05190470882307,68.67903201183066,10693100
2015-06-29,68.68772888183594,69.0622627919605,67.53799796045054,68.83579872774703,8551600
2015-07-06,69.21906280517578,69.52391452267635,67.97352009201427,68.2696598617951,11327500
2015-07-13,70.06390380859375,70.43843761149172,68.94030239989983,69.64581693630039,12057400
2015-07-20,69.16677856445312,70.91750062160907,69.09709629927083,70.16843288406577,9677200
2015-07-27,70.00293731689453,70.37747114022137,68.07800983034778,69.06224678687377,7851700
2015-08-03,68.26091766357422,70.46456743147039,67.5902376023138,70.00293413087749,8471400
2015-08-10,69.01000213623047,69.34969489872499,66.54504663791003,68.73998499904904,11852800
2015-08-17,67.04151916503906,70.68233462723155,66.98926078631324,68.73127762668732,14934700
2015-08-24,65.18626403808594,66.89344631251747,61.27543826844411,61.649972138049,30175500
2015-08-31,63.200347900390625,65.36916293259586,62.10288243920028,65.06430477033386,22424200
2015-09-07,61.28415298461914,64.08880116125941,60.77025456109758,64.03653613725935,14487200
2015-09-14,61.162208557128906,63.1306893260374,59.62052002711864,60.970585653261736,19965000
2015-09-21,62.73455810546875,64.04516859514197,61.26667409039035,61.59869301464142,15414600
2015-09-28,62.31516647338867,63.42481387344427,60.96960542696564,62.75203668328795,16048300
2015-10-05,58.74155807495117,62.891824130638376,57.24745642872797,62.71707208652306,32258500
2015-10-12,58.67164611816406,60.07836814220111,56.496035244324126,58.74154692253913,21961800
2015-10-19,57.448429107666016,59.84247584579408,57.0028196541604,58.57555498058612,17757700
2015-10-26,59.2133903503418,59.71142216531984,56.64459783071813,57.61445031242973,22465400
2015-11-02,59.257076263427734,60.26187910077226,58.322174261019114,59.23960438774901,22091500
2015-11-09,52.44190216064453,59.22212657985262,52.20599183939527,59.11728199226002,27680600
2015-11-16,55.9717903137207,56.3824492393369,52.20597250547611,52.71274337819857,21187800
2015-11-23,56.80186080932617,58.11247130639159,55.44756062924802,55.945592351488486,15185600
2015-11-30,60.392940521240234,60.45410208429056,56.00675985868091,56.79312757369258,28532000
2015-12-07,61.4676513671875,63.09280945588175,59.58910769841599,60.087139585847325,20526700
2015-12-14,62.507381439208984,63.0840465669322,61.24045401311127,61.432677944388814,18355300
2015-12-21,63.10153579711914,63.599567582488135,62.114204831202855,62.13168337306734,6796400
2015-12-28,62.98941421508789,63.9797838037525,62.71771469583403,62.93682354447702,5190500
2016-01-04,62.63007354736328,64.1200177552044,61.73611237199582,62.16556385029293,16519900
2016-01-11,60.36888885498047,62.81414527035302,58.84389260303021,62.533686112676264,20431500
2016-01-18,62.98065948486328,63.53281147702734,60.167302157159995,60.94732926577527,15423800
2016-01-25,65.7852554321289,65.85537188646082,62.85796367383929,63.103364577327866,15083700
2016-02-01,62.805381774902344,67.26643601572299,62.735265318227675,65.60997317515566,16227500
2016-02-08,61.75364685058594,62.49861571627499,59.50997402592082,62.45479795163002,14973300
2016-02-15,63.10335922241211,66.20594185324808,61.92893880204226,63.865860553551705,13235100
2016-02-22,66.62663269042969,66.95968250450157,63.085838680521995,63.4013493510364,12082900
2016-02-29,65.62747192382812,66.75807424715579,63.61167477448742,66.29356461462663,15388500
2016-03-07,74.50580596923828,74.54086420210477,64.5845534149467,64.96142105991862,23195600
2016-03-14,73.65565490722656,76.07461924176692,73.05967838093905,74.62849904111758,17527400
2016-03-21,73.57676696777344,74.75119416516354,73.32260652451377,73.62935765144188,9566400
2016-03-28,76.74861907958984,76.84531356107496,73.95328476600078,73.99723924177088,15499100
2016-04-04,72.35346984863281,76.7486509927658,72.10734077760364,76.66074871118599,12252100
2016-04-11,72.78421020507812,73.65445428676176,71.87001162465175,72.46775659237227,12113600
2016-04-18,71.58869171142578,73.98845615952872,70.375617777802,72.97756345034632,11961600
2016-04-25,72.00181579589844,72.9072214736086,70.22615996596296,71.77326464118684,11688400
2016-05-02,73.19732666015625,73.96209041425807,71.24587232321171,72.13369387745924,11097700
2016-05-09,71.67660522460938,74.95540615973894,71.57111847704924,73.44346968379014,11908100
2016-05-16,71.74691009521484,73.32038510667054,69.36472369324346,71.96666906262746,13881400
2016-05-23,79.00777435302734,79.16600114351897,71.36016179446548,71.79088767160381,20081700
2016-05-30,80.69551086425781,80.87131538902015,77.56613801268881,79.61429358808248,12404700
2016-06-06,80.37904357910156,80.8185615221955,79.18355423736514,80.6515425577361,11526800
2016-06-13,79.15718841552734,80.82735132230617,78.48032699175906,80.11533436296337,16064800
2016-06-20,81.20758819580078,82.15955114556355,79.56809869061941,80.05289650528475,10834100
2016-06-27,82.39755249023438,83.09388872176525,80.58176965420573,80.8462060718004,14004300
2016-07-04,83.13796997070312,83.45529100579304,81.98327809156353,82.37110968175281,6897600
2016-07-11,80.8374252319336,83.60516559201389,80.78454061514874,83.4993963584442,10897200
2016-07-18,83.86958312988281,83.95772637952722,81.1811703038859,81.26050393599509,9967900
2016-07-25,83.50819396972656,85.39448791268008,82.8735517599666,84.01943427479979,12899400
2016-08-01,83.18206024169922,83.4024217385222,81.20761638823797,82.72370456236389,8622600
2016-08-08,81.89512634277344,83.51698326476651,80.94316333643981,83.13796133029463,10233900
2016-08-15,80.07935333251953,81.66595853672752,77.62893496983017,81.26930387322648,15854200
2016-08-22,66.54915618896484,81.1018278557747,66.22301883038692,80.31734165193633,49266600
2016-08-29,64.62760925292969,68.56767326621573,64.2309613116169,66.7959652302291,33122300
2016-09-05,62.21245193481445,64.78627229500786,61.789354952708095,64.3631753129015,25195600
2016-09-12,63.384769439697266,64.001778797412,61.745279746457946,62.13311131777965,28855900
2016-09-19,63.76930618286133,64.39736330352297,63.03511063473579,63.618929350614195,17381300
2016-09-26,61.91167449951172,64.00812889425161,60.83248717602877,63.3623833363507,18021900
2016-10-03,61.61979293823242,61.79670608625261,58.82451930764617,61.27480082662624,22743700
2016-10-10,61.018253326416016,61.920520802929026,60.33712381825513,61.663992121175035,12450500
2016-10-17,60.08945846557617,61.513631354883536,59.34640851303179,61.31902287329327,10437700
2016-10-24,60.452144622802734,60.894434261829865,59.629492373064394,60.39907202573686,9787500
2016-10-31,60.62018966674805,61.84091284239773,60.18674790449627,60.51404452020549,13592300
2016-11-07,66.07805633544922,66.74149066310957,60.487516670983496,61.15095099864384,18362100
2016-11-14,67.99761199951172,68.7760393399636,66.32575769243817,66.34344630864656,17955300
2016-11-21,70.81938171386719,71.35897536097619,67.2545299706659,67.67028311668115,11875400
2016-11-28,65.95423126220703,71.22632314540405,62.442450318065646,70.56288866221779,34358300
2016-12-05,68.28949737548828,68.581410070651,66.03382493265472,66.29035365730054,14238200
2016-12-12,68.2010498046875,69.00602005514479,66.00729733417252,67.98875270243194,16776500
2016-12-19,65.58267974853516,69.05022745079046,65.44115063252549,67.77643841149755,12067300
2016-12-26,65.7339096069336,66.64798881487889,65.37892561539732,66.08889359846987,5538500
2017-01-02,65.09495544433594,67.70408062376045,64.97071203300698,65.97353578752166,10378000
2017-01-09,64.86421203613281,66.41726138283782,64.1897497662237,64.93521020267835,12380600
2017-01-16,63.00941467285156,67.10946634678255,62.00659121482626,65.09493619871725,11807100
2017-01-23,62.39706802368164,64.34060003980177,62.14858127236615,62.894048297068785,12915400
2017-01-30,64.90858459472656,65.83154040505507,62.13971716374103,62.317212571933545,13109400
2017-02-06,68.1478271484375,69.56775706316837,64.04777317206471,64.3938808771941,14383700
2017-02-13,68.92876434326172,68.9553869625161,66.96748573268302,68.68915399921465,12153300
2017-02-20,68.64476776123047,70.41968098981177,67.20709237936387,69.51447822236823,9375900
2017-02-27,64.89083862304688,68.62703064892122,64.16312437429059,68.60927772267294,20036000
2017-03-06,64.68673706054688,65.52094876685338,63.27568374874002,64.64236150438873,12243000
2017-03-13,64.18974304199219,66.85211307173131,63.47089852984778,64.29623350989719,26165500
2017-03-20,61.660499572753906,64.42936037147948,60.99490699294367,64.42936037147948,17925300
2017-03-27,61.882354736328125,62.98279907856184,60.551169770950345,61.3587517958193,11476300
2017-04-03,61.527366638183594,62.58343536979274,60.293802527192284,61.97996462140619,14670800
2017-04-10,61.23269271850586,62.41744098686369,61.11689286223342,61.74935077787221,8694300
2017-04-17,62.99643325805664,63.495271609522874,60.74274411083018,61.384111589094104,10726900
2017-04-24,64.76908874511719,65.41936591201049,63.236934803318825,63.691237843308336,12379300
2017-05-01,65.57975006103516,66.51507245705356,64.12776270943087,65.0274596013626,11588200
2017-05-08,63.76252365112305,66.17655517246959,63.085523749660695,65.62426488493922,10504700
2017-05-15,64.09209442138672,64.62657182890621,62.64011468123723,63.86939776697445,12294700
2017-05-22,64.42167663574219,65.45499219343066,61.58897541580209,64.0297284178381,15480900
2017-05-29,70.29199981689453,70.62158663101964,63.931774892507825,64.23464598231907,17953200
2017-06-05,67.00495910644531,70.37213086287822,65.17884413141239,70.01581491699845,17916000
2017-06-12,62.46196746826172,68.189726369446,58.76520120829005,66.96043634206536,21602500
2017-06-19,62.132381439208984,64.78692918491681,61.91859450277424,63.094432847411625,23415600
2017-06-26,64.21683502197266,64.57315120037148,61.91860960344014,62.408538402093434,14193300
2017-07-03,62.55995178222656,65.02742790559279,62.132371183768456,64.60875707689672,7304200
2017-07-10,63.60672378540039,63.82130739463354,61.41616600498256,62.60532223982913,20608200
2017-07-17,64.55447387695312,64.79588640451514,62.989787809644106,63.606723356202714,11079000
2017-07-24,66.83442687988281,67.30830199240916,63.973290263787284,64.3577561360896,10417900
2017-07-31,66.93280029296875,68.39913412589621,66.25327757333481,67.17420600019281,10859500
2017-08-07,67.49609375,69.12336721010145,66.73610463461854,66.95963124628902,11092500
2017-08-14,66.00293731689453,68.83725310265086,65.60059214633901,68.15773711777891,16135500
2017-08-21,69.44524383544922,71.26027877219911,66.01187846530983,66.29799224615478,14056300
2017-08-28,64.85848999023438,70.29465945429703,62.85569322718189,69.50784132412198,25552100
2017-09-04,67.55867004394531,68.71206799291848,64.59023739206894,64.59023739206894,14556200
2017-09-11,69.38263702392578,70.33039419722259,67.50501544215045,67.76430704852014,17134300
2017-09-18,69.43629455566406,70.48239722959572,68.06830626495807,69.48099577521018,12605100
2017-09-25,72.46732330322266,72.6908498935207,68.96242118301676,69.00712922967244,12810900
2017-10-02,71.82353973388672,73.6564530205322,71.5910702537824,72.4136461723205,8987400
2017-10-09,74.06270599365234,74.6098574533519,70.70804493969797,72.25083221338673,11192300
2017-10-16,74.99555969238281,75.15701434532998,73.31822562250541,73.87434872561872,10196900
2017-10-23,74.68159484863281,76.30510554860543,74.008868513065,75.27359046540288,8764600
2017-10-30,73.43482208251953,74.96863757435746,72.02658164779157,74.38560661301702,9969900
2017-11-06,75.47988891601562,75.49782527216507,71.56910631618537,73.21056005854369,10448900
2017-11-13,76.69081115722656,76.70874751719363,72.74414816175653,75.0224491038839,13802200
2017-11-20,77.39045715332031,79.04984785418725,76.80742613860274,76.93300120720923,8870100
2017-11-27,78.9153060913086,80.54778878650075,76.75360832568163,77.60572581938293,16370500
2017-12-04,83.75891876220703,86.64715852009809,79.63286489807412,79.86607863171162,19013700
2017-12-11,81.56135559082031,83.88450099480858,81.10389968577724,83.86656463375844,15660400
2017-12-18,83.33734893798828,84.43164479003394,82.01880411137813,82.07262003301062,12787600
2017-12-25,83.42706298828125,84.18051343212151,82.64669773430816,82.96960702261921,6516600
2018-01-01,85.85782623291016,86.01030923607651,83.70510045627213,83.92037098093796,9183100
2018-01-08,88.88957977294922,89.41879476309924,84.18946660147162,85.75916152576856,11799500
2018-01-15,91.72200012207031,91.82092908736419,88.07038427494308,89.67133586229025,8339800
2018-01-22,94.70805358886719,94.79799338536662,90.92152433995119,91.68602976511299,8245100
2018-01-29,89.4374771118164,95.17571971355252,89.35652651279784,94.62707817808335,13889000
2018-02-05,88.37619018554688,90.34589702255035,83.41143406095725,88.75394142968821,15623300
2018-02-12,87.89948272705078,89.11368679419034,83.93307499750155,88.83486458268021,13550900
2018-02-19,87.42278289794922,87.53071473324736,84.24786184237733,85.4890539314313,8315300
2018-02-26,84.7965087890625,88.54705281708166,83.465383711178,87.89948234949618,10120500
2018-03-05,78.19482421875,84.72454561683402,76.93564696837136,84.22087746146815,19385500
2018-03-12,85.83084869384766,86.7932188249933,78.2937820060886,78.46466554281966,26985200
2018-03-19,81.00100708007812,86.38848754326398,80.84810875385531,85.89380841493606,13773800
2018-03-26,84.13996124267578,85.30019621389727,81.90042132974857,82.1972288163244,8744800
2018-04-02,85.41712188720703,87.22494114862783,82.71888705128119,83.85214760372052,12471000
2018-04-09,86.59534454345703,88.05239375181019,85.32717780263958,85.39912551288124,12462000
2018-04-16,86.91471862792969,91.29924843524648,85.75994659164587,86.5087464499495,12568400
2018-04-23,88.73709106445312,90.33392262530033,86.34634863598968,87.24851507065637,9541000
2018-04-30,86.20201110839844,89.19720358806893,85.40810018991782,89.03481334410553,7942900
2018-05-07,84.4608383178711,86.23810071181855,82.5121551869246,86.22006040859934,12235600
2018-05-14,87.2665786743164,87.93418003435337,84.15409975926728,84.46083998392317,16678900
2018-05-21,87.16731262207031,88.96262167793336,86.10275608541637,87.62741249113681,9592600
2018-05-28,80.52737426757812,87.5823151943816,78.3711971362381,86.96884177105157,28650000
2018-06-04,85.61561584472656,86.69821306373221,81.0326076438312,81.60097015136138,16462800
2018-06-11,87.807861328125,87.87101270365672,85.11940230623804,85.45320636718212,12896000
2018-06-18,90.35198211669922,91.2812125697133,86.70722839817978,87.39287690916463,12303000
2018-06-25,88.95361328125,90.9203364769964,88.55666471168466,90.48730042238257,8776800
2018-07-02,88.98067474365234,89.25132743263069,87.98829302237138,88.96263444311289,5414600
2018-07-09,89.76556396484375,90.80305678425029,88.37622677199262,88.8904613857181,8295500
2018-07-16,88.82684326171875,90.84461001687906,87.86772908476854,90.23837773157206,11970200
2018-07-23,88.15726470947266,90.71792589973364,87.87677064453743,89.0168473039205,8257800
2018-07-30,88.88114929199219,89.71358838196414,87.19817070823767,88.1301413093238,6281900
2018-08-06,92.5909652709961,93.4686487238629,88.56448025261419,88.83593116289913,6504500
2018-08-13,96.2554702758789,96.46358347251618,92.57282556105774,93.04333935202878,8561900
2018-08-20,97.73035430908203,98.67137510295315,96.5450263891052,96.59027049491185,9348200
2018-08-27,97.47700500488281,98.67137623712452,94.05675352305839,98.608038630236,17308000
2018-09-03,100.27291870117188,101.62110887505851,97.60368205639313,97.71225686837124,9595700
2018-09-10,98.54469299316406,101.87444908771943,98.04703547724908,100.78865965717144,11268700
2018-09-17,97.95657348632812,100.31817252145046,97.03364607546443,98.35469267426416,14422700
2018-09-24,98.89757537841797,99.80240220931555,96.77122680318395,97.7032042377644,9732800
2018-10-01,93.88483428955078,99.52190160318358,93.36908326996806,99.13282578818041,12999000
2018-10-08,95.05355072021484,97.21303129513456,92.44946570612106,93.79234057520931,11268300
2018-10-15,99.3997573852539,100.77892026374163,95.15337781484345,95.49816680384022,15250600
2018-10-22,97.839111328125,102.96561711415515,96.91361462151428,99.75361175577078,13006700
2018-10-29,101.73162841796875,104.03628791662904,98.64665086375813,98.71924019973957,10504700
2018-11-05,105.34285736083984,107.47511883638767,101.62274056397983,101.71347376926913,8762600
2018-11-12,101.09648132324219,106.5859269396402,98.49240294834762,105.39730599284164,12170700
2018-11-19,96.05162811279297,102.33045946394023,94.01010003790412,101.26886652639783,9584100
2018-11-26,100.70631408691406,101.85864719454379,96.55067534949596,96.80473108023338,14664500
2018-12-03,93.18441009521484,102.66617777774096,92.59464086825069,102.53914992062569,20726300
2018-12-10,95.25316619873047,97.9933474995783,92.88499308035739,93.65623563451165,13163300
2018-12-17,90.49864959716797,96.26029286125694,89.50964620076032,94.36394385089834,15728700
2018-12-24,97.1495361328125,98.52869900960545,88.9924975151837,90.29000257461747,8918400
2018-12-31,98.6920166015625,100.72447652747748,96.20589062008646,97.62134809643774,9601700
2019-01-07,105.30654907226562,106.37721737018238,100.26170874775903,100.57020299033726,13183200
2019-01-14,103.286376953125,105.51532171718338,101.25759000874902,105.36975491778055,14009400
2019-01-21,103.89591217041016,104.81478341420963,102.21283612733643,102.80418904544514,8202300
2019-01-28,104.66010284423828,105.81550946991077,102.84965969903294,102.89514410449748,8117700
2019-02-04,105.82463836669922,106.79809375746888,104.37810477055842,104.79659889788859,6693500
2019-02-11,108.26278686523438,109.47278438427509,105.6244486542673,105.94286722743476,8714400
2019-02-18,107.69872283935547,109.08157908747621,107.26203650700457,108.9269196339771,7765400
2019-02-25,108.71770477294922,109.35454210818737,105.86102254172714,108.63582866170705,8425800
2019-03-04,107.99898529052734,109.48191049272721,107.22568082239866,109.45461845541777,10955700
2019-03-11,103.61388397216797,110.32799568723107,98.928558979468,108.16274184061334,24861700
2019-03-18,106.8708724975586,107.8079361484567,103.8777230576469,105.18779640158569,12520300
2019-03-25,108.53575897216797,109.83673268953955,106.64343230308083,106.82538385391328,8602400
2019-04-01,111.51978302001953,112.3567710657613,106.22491360047164,108.70858570548874,9881600
2019-04-08,111.33785247802734,112.03838053832122,110.08237009471783,111.21048500179334,7972000
2019-04-15,112.69647216796875,113.86402654468239,111.64749514042435,111.64749514042435,6739000
2019-04-22,114.25625610351562,115.69745216824678,111.8572899026584,112.37721669493109,6853100
2019-04-29,113.74546813964844,115.61538443889809,112.82419868648068,114.07384375277691,6475900
2019-05-06,111.13668823242188,113.71808219703493,109.64075827225297,112.34073654878407,6016400
2019-05-13,109.63163757324219,110.40696599290905,105.94653975171094,109.5221767416103,11625700
2019-05-20,111.24615478515625,111.7934450739722,108.59179375277083,109.30327182414891,7865500
2019-05-27,116.09880065917969,116.81940912441839,107.81645203662396,110.84479888180502,13888900
2019-06-03,121.45313262939453,121.70853428494736,116.63697420050518,116.63697420050518,8839900
2019-06-10,123.7700424194336,125.28421973521935,121.79067208567275,121.92748946791536,7570700
2019-06-17,126.58855438232422,127.50070710963213,123.75175884366277,125.01053406121842,8461700
2019-06-24,123.28656768798828,126.8530882420571,122.74840091175129,126.70714046324314,8359300
2019-07-01,127.65579223632812,127.81085655507523,123.158885237617,124.0619076772824,4664800
2019-07-08,129.08782958984375,129.58038583062628,126.05036000304622,126.99899250758197,7637700
2019-07-15,129.1642608642578,132.6200985809497,129.1002711029632,129.6305198116634,8097000
2019-07-22,126.13811492919922,129.19168337309608,122.57257260851027,129.14596843047354,9886100
2019-07-29,122.22518157958984,126.29356122724452,120.26870159452417,126.02843682446819,8732300
2019-08-05,123.95310974121094,126.27528161232715,119.7932998873937,121.23780599235805,7248500
2019-08-12,124.25477600097656,125.69928169083674,121.41147956370432,123.43194888763652,7355300
2019-08-19,125.2422103881836,128.33234364336434,124.0262649727355,126.06502388122489,8424200
2019-08-26,142.7042236328125,145.28239625939352,125.89129104854398,126.4215538004701,15440700
2019-09-02,147.68685913085938,148.2811256564163,141.89971121670456,142.08255708985828,7243000
2019-09-09,144.24928283691406,148.41822936153235,141.9271113781112,148.14395362696675,10986600
2019-09-16,142.8322296142578,144.9989957633142,139.29411243893523,143.19793531147528,8764200
2019-09-23,146.29718017578125,147.06514100761663,143.4995986096365,144.2035557303645,6812100
2019-09-30,147.16571044921875,147.51312728545645,141.97280247438343,145.98632905790785,8782900
2019-10-07,148.3359832763672,150.2010335689755,144.43216027267053,146.26064696945164,7576700
2019-10-14,150.61012268066406,151.12311641049823,147.24816865018644,149.13525871837538,7475100
2019-10-21,148.56729125976562,152.96440239334356,148.15506514868696,151.12311830890903,6004000
2019-10-28,146.4786376953125,149.40088428504288,145.95648844935738,148.75048662972787,5496300
2019-11-04,144.60992431640625,147.57797795469105,143.25415294100696,147.01000853115949,6634600
2019-11-11,146.6985321044922,148.88792515762293,141.6143725942421,144.4816582414167,8168100
2019-11-18,146.3779296875,148.49405027056176,143.98700095679877,146.6344405886868,7457200
2019-11-25,144.1519012451172,147.49553086935782,142.37473399000672,146.4695431666277,9564900
2019-12-02,141.7334747314453,145.13206557945153,139.24177862724156,144.99466152070343,20869400
2019-12-09,141.65097045898438,143.1716259647459,140.11197578268576,141.31201729865373,10417700
2019-12-16,143.5564422607422,144.8480822973555,139.7364418381904,141.8433925187686,11608300
2019-12-23,143.50146484375,143.96866657565792,141.25711013813924,143.84957374548034,3743200
2019-12-30,142.34722900390625,144.91221180322248,141.6785059882165,143.04343282996467,6081400
2020-01-06,140.35935974121094,141.77009247796383,138.44478889203538,141.44947839044437,13916500
2020-01-13,145.0276336669922,147.24908183281164,139.0058404987444,139.49236926057304,10446200
2020-01-20,141.67709350585938,145.6793756674194,140.79586503382953,144.4401455023386,5174200
2020-01-27,140.8234100341797,144.7063538355114,140.09821810017078,140.5480208694532,6880600
2020-02-03,142.25547790527344,145.0093427201032,141.36506049459467,141.62208675676166,5509900
2020-02-10,145.06439208984375,147.09307830725842,141.20898483310603,141.43847352704137,5530700
2020-02-17,153.18829345703125,153.3351555720867,144.80736209120016,145.31224000604743,5701100
2020-02-24,137.96861267089844,153.20665432554733,135.45341141390108,150.11315105485247,14199800
2020-03-02,145.3856658935547,149.88363819783538,137.9226899043816,138.02366547889613,10627600
2020-03-09,133.84698486328125,153.7023513307219,127.12756312550097,138.41839576736052,23869300
2020-03-16,128.6330108642578,144.71556890756915,114.74435023019396,123.1803571002184,22215100
2020-03-23,134.1315460205078,137.39028824348634,124.16255669442775,128.40351724102192,17056000
2020-03-30,148.89224243164062,149.4430208281015,134.19579342861317,137.0965335038044,17036200
2020-04-06,155.35467529296875,158.475716008178,149.09421683775753,152.53654733550835,13302600
2020-04-13,167.54058837890625,169.23337882441737,154.2190409856543,156.54663135774075,13597200
2020-04-20,161.90098571777344,167.55897281054325,161.50539394739863,166.86897541176884,9411400
2020-04-27,159.15940856933594,168.65378002687277,158.84661310081333,162.30579519290558,10436300
2020-05-04,162.25059509277344,162.7565960121526,158.85580551497839,159.84020857977362,6556800
2020-05-11,167.45774841308594,170.1533311228782,163.0969604297895,163.0969604297895,11427900
2020-05-18,164.66098022460938,170.20855835319375,162.45299409788163,170.1441658938312,10021800
2020-05-25,176.1885223388672,177.29252935474068,164.72537396126768,167.54975587926097,19957700
2020-06-01,170.8065643310547,179.25212599541896,166.76778000286978,175.98613540684255,14365100
2020-06-08,169.2793731689453,177.27414581089016,167.00698046042817,168.96657769634822,15040100
2020-06-15,173.67694091796875,178.2217259465659,168.0097590184212,168.10176428510215,11836800
2020-06-22,174.2381591796875,178.1389498994801,172.65576387133993,174.412960783452,14906500
2020-06-29,174.3209686279297,176.5473589298113,173.02378396589086,174.87297225631224,7455600
2020-07-06,173.18017578125,175.5537688410644,170.7513851680968,175.29615686209164,9071600
2020-07-13,173.7310333251953,176.40411056744276,171.02109235691103,173.81400132210157,9064200
2020-07-20,176.69906616210938,180.49667699989055,174.30253010782212,174.7818288798257,7364400
2020-07-27,175.50079345703125,177.3719405573673,173.06737957855563,176.78202246757795,6211100
2020-08-03,180.00816345214844,181.90697617524407,175.38099854883947,175.77734344374585,8480600
2020-08-10,183.0130615234375,183.34489135389876,175.86028830344117,180.01738063293598,8318100
2020-08-17,183.3633270263672,186.4511885219457,180.81930755227637,183.69515687644503,8915000
2020-08-24,184.70904541015625,190.78336017903527,182.0544071831931,185.27131214392955,12725100
2020-08-31,180.4044952392578,188.94910197954317,176.48706677009358,185.20679379225209,10217100
2020-09-07,184.81045532226562,185.21602665163817,175.83262564629047,178.93892565639015,7456800
2020-09-14,191.81573486328125,192.63608989425788,184.81044551703243,185.39115116825678,11214000
2020-09-21,192.0830535888672,193.43802419244236,186.47882439862084,190.72808298529205,8634700
2020-09-28,194.96810913085938,197.18029834451136,190.05519140357825,192.38721233842804,7656900
2020-10-05,203.68785095214844,205.3470000172607,194.32290279583367,195.4105585878335,7272400
2020-10-12,204.7091064453125,207.58062972667292,202.3361693339186,205.08765661064157,6908700
2020-10-19,198.919921875,206.88817232810155,196.39926400883215,205.37391507761822,7052200
2020-10-26,192.7059783935547,198.81834768578094,190.33304101652155,197.60880165012742,6917400
2020-11-02,204.4228973388672,205.04153369807796,191.21019976667318,193.66623260556582,6981700
2020-11-09,197.49801635742188,207.97769730670595,192.28126732129417,207.62683142216588,8701000
2020-11-16,194.1094207763672,198.9753176398297,190.48078253513387,197.86733725030157,9125400
2020-11-23,201.29281616210938,201.52364596490978,194.14633448419843,195.1527490431122,5265300
2020-11-30,197.0640411376953,204.6721976161825,195.2820415635616,201.75450510325084,11605200
2020-12-07,190.7670135498047,200.55420440215332,189.5205267782017,197.59957117890707,10010600
2020-12-14,194.3402557373047,197.00864813499345,189.8529230659291,190.9424472412968,11678200
2020-12-21,195.0789031982422,197.1286731988844,190.96090695459856,192.9737362930531,5927200
2020-12-28,194.17405700683594,196.81475084181088,192.1889120033975,196.79628051045165,4853200
2021-01-04,199.2615509033203,202.20694194660322,190.02835720712838,194.1278974624353,9844100
2021-01-11,195.56143188476562,203.09013940368416,194.64577311830018,199.19629277247964,9294700
2021-01-18,190.72418212890625,196.48632170077585,188.61539109792704,195.61691094960338,8429200
2021-01-25,179.9952850341797,192.3704856152769,179.77330334250738,191.23284532246078,16936500
2021-02-01,179.2646484375,184.2036254780291,177.8957822775481,179.99531536224987,16628300
2021-02-08,183.6856689453125,190.3079610857219,180.28201991000847,180.65198943172314,11782800
2021-02-15,186.0533905029297,188.51363454287787,182.90871353154634,183.61164846461278,6524300
2021-02-22,174.79736328125,186.19215700625958,172.87356400551698,185.95168738912855,12468300
2021-03-01,165.28933715820312,179.0148873007166,161.25676156746846,175.04704754830422,16696900
2021-03-08,177.54429626464844,177.9512415239267,165.22458776336956,166.47321182681281,11056000
2021-03-15,173.67823791503906,180.60576461907118,160.47062772471122,179.87508354061873,26996600
2021-03-22,187.8292236328125,187.84772563661298,174.00193244321864,174.15916419328806,17361900
2021-03-29,187.20030212402344,189.98426830244856,184.1573784297418,187.66275347720818,8721200
2021-04-05,191.140380859375,193.16591987667687,186.87657917153004,187.15405278304567,9489500
2021-04-12,200.8802490234375,202.76170445375627,191.73246784811306,192.08466621276568,11178000
2021-04-19,197.70120239257812,203.7626508375045,195.7919435724523,201.2046026657144,7724700
2021-04-26,199.0358123779297,199.70312799085517,194.47583178443048,197.16362056709778,6876700
2021-05-03,204.0870361328125,204.7821554753236,197.9699944040583,200.21291111882542,7163400
2021-05-10,191.11148071289062,206.24654800758333,188.18270773586934,204.82850563838903,10989400
2021-05-17,190.03636169433594,192.61295050898627,186.88515953364734,191.16709033673075,8135800
2021-05-24,188.10858154296875,192.7797776243579,181.43542408064113,185.89346831768617,15353600
2021-05-31,191.63047790527344,191.82511752614244,185.27245299563032,188.14561834148412,7100200
2021-06-07,193.99392700195312,195.04124479520289,189.33199385307105,191.88076507985411,8726400
2021-06-14,197.13583374023438,198.61876059369723,192.60365639891472,194.28120873977346,11635400
2021-06-21,196.40367126464844,200.18512246816664,195.95878466971197,197.97927239722097,10106300
2021-06-28,202.5392608642578,203.6329227697942,196.42220432569215,197.03391280799687,6375800
2021-07-05,205.0106658935547,207.21148243446234,200.9804595693161,202.373384300435,6371600
2021-07-12,206.3107147216797,207.86150249076906,202.3455185179774,204.4442007607054,7183400
2021-07-19,212.560302734375,212.75531842623232,205.61425555790998,205.93927698781795,6000700
2021-07-26,216.0333251953125,217.62126552144832,210.8980774831743,212.28172106163038,5226100
2021-08-02,219.2927703857422,219.8220885669778,212.5788773772837,216.24690954405543,5211000
2021-08-09,219.8592529296875,222.26438060301484,218.10416818781118,219.58067929571052,6250800
2021-08-16,218.0205841064453,220.99215411846512,212.28174084912865,218.67990806624454,7089600
2021-08-23,209.17086791992188,221.47503662109375,199.74541605439669,218.67990603983262,13224200
2021-08-30,206.5707550048828,211.9474529280908,204.87138496627932,209.41231946729494,8267100
2021-09-06,202.48483276367188,208.19581863021025,202.1505302534144,206.92361854624644,5702800
2021-09-13,206.25497436523438,208.3629374093963,199.79179845057172,202.56836638830427,7875300
2021-09-20,202.16909790039062,207.4714900086655,200.81331161970311,204.82494157113777,6302600
2021-09-27,194.27584838867188,203.61772735126274,193.42150880898572,201.3704773045004,7054800
2021-10-04,195.38087463378906,196.29092886009153,189.25201521731915,193.45864615488694,6207300
2021-10-11,198.00709533691406,199.71918333067066,193.15926506762713,195.10397417568979,6347500
2021-10-18,204.9950408935547,206.28841379937217,196.5648534730974,197.541865051867,4971100
2021-10-25,206.1209259033203,207.83301393830544,203.78540077268397,204.96712003727396,4392800
2021-11-01,209.94520568847656,212.38307034245474,204.25994527480412,206.7629506537069,5709900
2021-11-08,209.3590087890625,210.00104535437293,202.44551589167781,207.777188006714,5873100
2021-11-15,208.94027709960938,215.62114834816202,205.0415451501216,212.13183181075394,9445200
2021-11-22,208.8193359375,213.2298377087258,206.73504548479826,210.28950319457527,4745800
2021-11-29,206.5675811767578,212.7739117542913,196.75096580824868,209.35903497644372,14881900
2021-12-06,206.93972778320312,214.20682297550238,202.8735154415534,206.2977054645732,8738800
2021-12-13,207.03280639648438,211.08041975132787,205.6649930116375,206.44659660353085,10083000
2021-12-20,205.944091796875,207.18163761948705,200.9194680586685,205.3671960743279,6545000
2021-12-27,219.43617248535156,222.38580679641456,206.61409655988066,206.7350498963393,8760200
2022-01-03,221.70654296875,223.44654441822328,210.931530892118,218.03113208014113,10004600
2022-01-10,202.3499298095703,223.48164392222856,198.9662407223684,222.10207404448795,12512000
2022-01-17,195.9181365966797,207.2903115959689,194.2589204194189,198.3510344647706,10235900
2022-01-24,190.465087890625,202.20078376274503,187.1186925404761,194.30551868919605,11392000
2022-01-31,188.62876892089844,195.97407241789574,186.86701631635532,190.63287398443907,10484300
2022-02-07,187.0161590576172,192.29208621576032,185.97214752633022,188.796544275881,9955800
2022-02-14,186.4009246826172,187.92032467030882,181.13431428942388,187.22121634076657,11147200
2022-02-21,185.48744201660156,185.8975736552308,172.58655112921272,185.00272288662597,8466400
2022-02-28,196.6638641357422,196.78504748548232,182.3554530299297,184.4807415844918,9834200
2022-03-07,191.60232543945312,199.13405551680705,185.18916603779778,196.6918269920709,9521500
2022-03-14,214.04832458496094,214.40252978747094,191.41585953630306,192.69289282153602,14318900
2022-03-21,206.44204711914062,216.97528299578065,204.07439208313767,213.22805805849669,8324500
2022-03-28,210.94430541992188,215.15760258691873,206.47000892804343,206.47000892804343,9713600
2022-04-04,229.12112426757812,229.43804998855933,209.6579422738206,210.3104405886044,12643500
2022-04-11,232.45455932617188,233.88421397063422,224.79235470204873,229.32426154445128,6881900
2022-04-18,232.49191284179688,245.01307454603423,230.12784282267467,230.75389948208166,9074100
2022-04-25,221.9517059326172,233.68796198013064,221.54056084363253,232.49191131656548,7933700
2022-05-02,218.24209594726562,226.3902007724146,215.2145986575327,222.86745011839642,8398400
2022-05-09,217.0927734375,221.45649248563916,211.84136243986808,217.5599812275541,9315000
2022-05-16,175.29635620117188,220.22304158554667,171.23164301039307,218.16733030551742,17024700
2022-05-23,213.4018096923828,215.66309341978345,175.29634795014056,176.19337881721674,17334200
2022-05-30,212.06561279296875,214.0465835158344,204.07635674126553,211.00973288422006,9029200
2022-06-06,218.05520629882812,224.2316934558206,212.28051097153755,213.61673257920864,8119900
2022-06-13,215.66311645507812,219.25126882273585,212.69166752763806,214.58852999451156,10747400
2022-06-20,231.6416015625,233.02454679704607,216.04621852004053,216.38260867735588,8618700
2022-06-27,230.19325256347656,234.7345122356489,227.06295509252084,231.73503235779904,6421500
2022-07-04,236.82569885253906,240.49681825408277,227.92881457676674,232.7612166492581,6502900
2022-07-11,228.6405792236328,239.94429833546923,227.46993645823574,236.7414214441515,9481100
2022-07-18,232.07757568359375,234.6061611009476,226.1962678011281,229.55835026357454,6993000
2022-07-25,232.658203125,233.3980573049854,224.1265729479798,232.48027744039,7378100
2022-08-01,237.01304626464844,238.94226348105252,232.8923746748803,233.25762897883638,6176800
2022-08-08,237.21902465820312,243.16588062593382,234.67170516009605,237.39696462381715,5741800
2022-08-15,237.74346923828125,242.1357083495933,232.498984579003,236.15139813138035,7309200
2022-08-22,221.3170166015625,237.52807321257714,220.5303339055316,237.52807321257714,11210200
2022-08-29,227.19833374023438,230.23263037693985,219.11621222244486,220.08082063350514,9592900
2022-09-05,231.5625,233.39807415175517,224.07038626888536,227.48867173275013,5764600
2022-09-12,228.3127899169922,232.6488552241663,222.93720756908047,231.6093238933562,8834000
2022-09-19,226.28054809570312,231.8153502434356,223.16195420977374,227.67595934672664,9154400
2022-09-26,224.6322784423828,228.9496091273197,220.0058963815961,226.28053815684382,9056400
2022-10-03,224.2951202392578,232.6675583291721,223.0308205260563,226.6364054192083,8348500
2022-10-10,222.0885009765625,229.7761676269552,219.18801058855067,225.05467624914334,7682600
2022-10-17,224.68858337402344,227.14789921064371,219.5446952425404,224.88570963044816,7795600
2022-10-24,244.46630859375,245.54576935301694,226.10599391694464,226.23740665566336,9334300
2022-10-31,232.88316345214844,244.89808314599043,230.27367173836896,243.92186196904447,7705300
2022-11-07,233.85935974121094,240.25167600031628,227.19482218965533,232.88315293128076,9372000
2022-11-14,241.89439392089844,243.80925315707043,231.44703009500293,234.32872910482865,7005500
2022-11-21,241.45318603515625,244.11899536853264,236.10277570570162,242.7391545138308,5631400
2022-11-28,228.99708557128906,241.7817043910901,216.20305659691172,240.30801975737518,18966400
2022-12-05,228.3400115966797,235.4738828496564,226.19985308536954,227.51399480192543,9723500
2022-12-12,233.02398681640625,235.09844633445803,227.19486084411227,228.60286076445308,12093200
2022-12-19,232.36691284179688,234.497689971374,223.2336911035632,232.76115108342043,9923400
2022-12-26,231.14663696289062,233.9907954515653,229.6447647600572,232.2542566122213,4946500
2023-01-02,233.83351135253906,236.1289504585372,227.2858799681248,233.02446337837168,8243400
2023-01-09,219.6846160888672,233.9181973717111,215.35714710818743,233.9181973717111,11745900
2023-01-16,216.9469757080078,220.27723387296396,207.01262972232888,218.24521899752722,9005200
2023-01-23,222.1211395263672,225.50785527727854,214.86792927431046,217.29507317000557,9307600
2023-01-30,214.57626342773438,223.32526573714085,213.06165112280087,222.17754638285604,9828100
2023-02-06,215.98745727539062,217.89718453531532,211.48125715021,216.10035738588016,7406500
2023-02-13,214.3223114013672,219.8915662967661,211.73524118187157,216.75885772658884,7236700
2023-02-20,201.5562744140625,215.0843033999935,200.0887024373755,211.26484957483436,10917700
2023-02-27,204.79246520996094,205.74262030474588,199.99462051883447,202.67577155589,9900100
2023-03-06,203.2872772216797,209.0446943487332,203.15557239861224,205.9402071138586,7915900
2023-03-13,196.4573974609375,207.83109470284907,194.74522057475843,203.6353454988074,17783400
2023-03-20,193.61631774902344,199.2984722969699,189.38293044905734,196.27864970690516,9370600
2023-03-27,197.9908447265625,198.02846852325652,192.81670421882896,194.4442025773864,8940300
2023-04-03,199.853515625,202.60991428005977,196.88073350297654,198.8939438049043,6809100
2023-04-10,200.5966796875,206.38231698672848,198.49880533762084,198.49880533762084,8849000
2023-04-17,205.86279296875,208.8155541436064,200.40065694224967,202.26854526355012,7197900
2023-04-24,208.91932678222656,210.3626858775838,205.79675101918315,206.63635215566364,7841600
2023-05-01,206.5514678955078,208.84387124275187,202.97609138271477,208.73065672041275,6406200
2023-05-08,206.13636779785156,208.9570574118325,203.51379278868512,206.59862561260186,6653000
2023-05-15,202.900634765625,207.04204101073023,201.31576088877168,206.48545448270224,7500200
2023-05-22,193.4857635498047,202.07989017866217,189.42925770398847,201.77800397863572,10097100
2023-05-29,156.71307373046875,193.08009545051007,150.10946460238384,191.30655010694082,38419000
2023-06-05,144.38320922851562,154.63766690916708,144.10019451092367,154.63766690916708,22452500
2023-06-12,155.0150146484375,155.3357579234456,142.70399758379648,144.9963864192509,24278500
2023-06-19,161.45823669433594,163.28838209043573,152.82638198808434,153.93012635285345,20838400
2023-06-26,160.1658172607422,162.1846342806792,156.0432831318567,161.68464789686712,12998900
2023-07-03,159.74130249023438,161.4676762745083,158.20360036875388,160.11864581582122,9105200
2023-07-10,153.92071533203125,161.09034024672388,153.48675749391668,159.1941660290134,11210500
2023-07-17,158.17930603027344,160.88678655996796,152.35728324041648,154.2127509224109,12521000
2023-07-24,161.49264526367188,164.2190630893482,154.4115483498258,159.7886341226242,11963600
2023-07-31,158.82302856445312,162.57183836339345,158.2928950126883,161.50210974824512,7189500
2023-08-07,156.0587615966797,160.58384902350267,155.8599542780283,158.82303991781018,7181300
2023-08-14,154.29794311523438,157.60181633756457,151.3443191672214,155.45288312755594,9401100
2023-08-21,146.7151336669922,155.20677752019105,144.47152700810713,153.69211190448985,13111500
2023-08-28,123.32288360595703,149.3847453069095,121.62833376179358,146.70566359224358,38681000
2023-09-04,120.41658782958984,126.81609513462925,116.73403700884373,123.32287568700775,22722500
2023-09-11,109.51092529296875,121.84605716213132,109.19852206188443,120.23671177997237,26680300
2023-09-18,102.37303161621094,110.42920622933691,101.97543141211564,109.81386845298256,27839000
2023-09-25,100.1578140258789,103.29129332963247,97.76272986655208,102.13635333105088,20561600
2023-10-02,98.14141845703125,102.1269040280797,97.00541571057924,99.60876195851698,20886300
2023-10-09,105.8188705444336,106.98024459670638,96.23271755489183,98.2127772637922,28194300
2023-10-16,109.68378448486328,112.74906756237411,105.24768977944474,105.89501668564459,24132400
2023-10-23,113.58678436279297,116.66158905382105,108.9317449089982,109.47435664708443,17098200
2023-10-30,113.51061248779297,114.96709606423501,110.5024517065234,113.42494040108852,12503600
2023-11-06,112.27310180664062,116.33792932823731,111.05460570450794,113.78670039084336,8809700
2023-11-13,115.29077911376953,121.96394998490635,110.73093323214367,111.85423563370087,14642600
2023-11-20,119.4508056640625,120.11716840866706,114.60537166294928,115.1003902127777,6724100
2023-11-27,128.21826171875,128.33249117202521,118.76538953137162,119.41271639689593,16184800
2023-12-04,121.10721588134766,133.0732332378,119.73640402104503,127.99934683426007,24064900
2023-12-11,123.73457336425781,126.84745686057977,116.61398473111461,121.98298720219998,22243600
2023-12-18,125.8574447631836,126.53332182091053,119.86015071712458,124.22960220508591,12874900
2023-12-25,129.41773986816406,130.04603103530124,125.07684548725264,125.8193661300075,7560500
2024-01-01,129.2368621826172,134.85338178285818,124.60086547330465,130.1983419864235,11797500
2024-01-08,128.170654296875,130.74091853502512,126.16203754092189,127.03783052814849,9461400
2024-01-15,126.4163589477539,133.72100950202412,125.43157075990632,130.28859185354477,10626400
2024-01-22,127.59235382080078,130.0877912802534,123.10821395861393,126.55020169200412,10390500
2024-01-29,130.18338012695312,131.63665056051366,123.38546673634234,127.1812082472034,11148600
2024-02-05,129.27511596679688,130.93873129229522,127.4011415370264,129.22730774259966,8507300
2024-02-12,135.28900146484375,138.3581081999288,124.59974319282459,129.63841140053034,13742400
2024-02-19,134.23728942871094,138.9987082691047,132.8318123068987,136.59887264214936,6877000
2024-02-26,142.70835876464844,144.1520879841418,131.636650895024,133.87394974764527,10595900
2024-03-04,150.40504455566406,152.2120844566365,140.98740845582137,142.5936596615653,13539900
2024-03-11,145.2803192138672,160.69275949150958,141.35072255290476,151.13169847593397,24291900
2024-03-18,144.08518981933594,151.37072839718326,143.50196450074085,144.4676410219517,9560800
2024-03-25,149.20993041992188,149.69755391622377,143.56890970645,144.8692147148838,7272100
2024-04-01,152.54673767089844,156.91613514773232,146.28423953132804,149.37245828095217,11507500
2024-04-08,141.2933349609375,152.51802397359745,140.98738864574554,150.91175840452823,11439300
2024-04-15,138.9772186279297,144.33207965937905,137.2498370162506,143.36283355876742,9053700
2024-04-22,136.33816528320312,138.94841288315672,134.95626001999986,138.80447051956065,7695000
2024-04-29,131.9429473876953,135.78156669429663,129.95645486780725,135.5128645142882,10655100
2024-05-06,135.26333618164062,135.61841840200273,129.24629670573603,132.51872296834816,10036000
2024-05-13,136.39573669433594,141.9041456842701,132.02930457665838,136.11742861178232,11692300
2024-05-20,139.37063598632812,141.82734946399026,132.14443788868627,135.6759744952011,11626400
2024-05-27,131.38633728027344,140.0520186294991,121.13722410580937,138.70849317372458,22081100
2024-06-03,121.50189208984375,135.5416461849088,120.90690349141184,129.72612592702077,14929500
2024-06-10,120.71497344970703,123.12370895355079,117.27940764288364,121.42511592389118,9867900
2024-06-17,123.57473754882812,124.64954610726826,118.613317276573,120.03360942797714,10573000
2024-06-24,126.8951416015625,127.04868987363515,121.58825208459342,123.98738892384415,18153300
2024-07-01,123.02772521972656,128.9679899435878,119.48660448180895,126.63603613455099,7952100
2024-07-08,127.07746887207031,129.99482725131801,121.06043734922807,124.04495661893614,9178800
2024-07-15,118.01604461669922,127.71414246408227,115.9819494533513,127.71414246408227,12664400
2024-07-22,113.8418197631836,120.12727301289739,111.8077317956271,118.24742537122788,10643800
2024-07-29,117.21591186523438,119.08612456396895,112.03909721492555,113.85146335523812,11363900
2024-08-05,112.60786437988281,120.53215854998666,112.21261758069438,116.0976408276345,11321200
2024-08-12,118.8354721069336,119.14396010761571,110.06283769228521,112.34758177401262,11691200
2024-08-19,119.15361022949219,122.4120227647055,116.60858221845925,118.84512220860742,9069600
2024-08-26,79.98523712158203,120.90813722717287,79.70566870344703,120.20440237715597,70140900
2024-09-02,79.6092529296875,83.00262053511355,75.15545105231593,80.0334192835325,39059700
2024-09-09,81.7011947631836,83.18579552701817,75.87847746325076,79.01156162821061,25048200
2024-09-16,82.9158706665039,84.60291601079486,81.48910908201832,81.94220243698875,23188700
2024-09-23,84.17874908447266,84.93068817927453,80.59257122778558,82.89659275362605,16627100
2024-09-30,81.31558990478516,83.60997644329284,78.2789065981885,83.60997644329284,18836500
2024-10-07,79.52249145507812,82.01932226718696,78.95371972573564,81.83615499946409,20196100
2024-10-14,78.24813842773438,80.75285733892635,77.22878124767253,79.78203674452078,28438400
2024-10-21,78.03455352783203,80.25773348712103,77.7821455164624,78.42288323110388,16580000
2024-10-28,79.3742904663086,80.0732824493685,76.16086940011776,78.38404935471604,17169200
2024-11-04,74.70464324951172,81.92755098444759,74.52019236954429,79.90824233065015,23882800
2024-11-11,73.6658706665039,76.11234293236555,71.36503039103702,74.75319249652841,20157700
2024-11-18,72.74359130859375,76.40358188541282,70.01558766321848,73.66586795967989,19922400
2024-11-25,75.01531219482422,75.71430428358013,72.03489294349352,73.70470573179395,13893500
2024-12-02,79.2092514038086,82.2770481404624,73.15133276506229,74.75318828101008,31726800
2024-12-09,74.6949462890625,80.55870414785362,73.40375299321305,79.20925657397416,16587100
2024-12-16,74.17069244384766,75.8113741575903,70.68544277353834,74.12214845302161,21140300
2024-12-23,73.67557525634766,74.28718957218358,71.23881345942155,73.3552026784831,12892100
2024-12-30,72.49117279052734,75.76284089549095,72.2775910723648,73.55907397456664,13069500
2025-01-06,69.27776336669922,75.72401200090064,68.10307124883145,72.73388256990602,17282300
2025-01-13,66.96383666992188,70.71122265790883,64.9971877810361,70.02632377363915,19942000
2025-01-20,70.23179626464844,70.98519253249545,67.59981372593124,67.59981372593124,15436800
2025-01-27,69.52732849121094,72.11038662640624,69.49797674544442,71.22001799052084,13081000
2025-02-03,70.92648315429688,72.28650207000521,67.82485771141319,68.57824653115007,15476300
2025-02-10,70.9949722290039,72.70722699169777,70.07525188970415,71.21022830783099,13837500
2025-02-17,75.03589630126953,76.46440505619023,70.79928712098472,71.13195016884762,14250200
2025-02-24,72.58003234863281,78.15708763561777,71.16130998443927,74.69344002297092,19848700
2025-03-03,80.07481384277344,80.83799652565459,68.49997726106103,71.98319029308729,20199700
2025-03-10,77.31563568115234,83.24493425423076,73.05946114905402,79.97696993028035,30362500
2025-03-17,81.8555679321289,82.32521078609521,76.41548470900932,78.17666407347943,19900100
2025-03-24,84.2429428100586,85.96498417981087,79.90849137020594,80.70102588747491,22088100
2025-03-31,90.622314453125,95.73950624058729,83.55803890171177,83.55803890171177,36352200
2025-04-07,87.11951446533203,92.6085140643742,82.87311919893708,90.48532016359553,35443000
2025-04-14,91.65023040771484,91.84717643164672,85.91901396039027,87.49460469087295,13601400
2025-04-21,92.13275146484375,95.42180408818054,90.87227890728082,92.12290942296306,18895100
2025-04-28,88.92249298095703,93.05841974206733,87.97713099435116,91.88657057078196,18204600
2025-05-05,90.26174926757812,92.67437201919583,89.07020095582179,89.66105409034911,12510700
2025-05-12,92.12290954589844,92.32970512080497,84.9342671206299,89.11943390628413,19936400
2025-05-19,99.84330749511719,101.12347916118486,92.13275137309851,92.21153278612002,19696200
2025-05-26,95.76646423339844,99.95163105079631,94.67339653416673,99.84330848507,14066300
2025-06-02,111.7488784790039,113.35401030492031,94.89003947747054,95.81570228578289,33735000
2025-06-09,109.9763412475586,112.77301393330536,108.14471462429817,111.86705017705016,14228000
2025-06-16,109.8089370727539,112.84194651581139,108.63708790495315,109.78923796187804,12198700
2025-06-23,112.7040786743164,113.26538310562064,107.87883348131925,110.577033071009,16990000
2025-06-30,112.36927032470703,114.47662435699067,110.93154329885992,112.11323448056706,10402900
2025-07-07,111.41407012939453,114.52586853419115,109.36579833228863,112.75332418803997,14672100
2025-07-14,108.96337127685547,113.51630242052434,107.57770446059222,112.13062805294328,13957500
2025-07-21,106.45926666259766,109.15143235477035,106.12274972673508,108.96337433101301,10332600
2025-07-28,107.41934204101562,107.91422522192977,103.43058481105842,105.93469249827315,15138500
2025-08-04,115.1296157836914,116.7429321351944,106.91455246818778,107.22138515626962,14264400
2025-08-11,111.61595153808594,116.27775784090082,110.92311809144584,115.45624993180026,13858900
2025-08-18,111.2497329711914,114.72381477797897,110.23027489644176,112.41765750032502,12818700
2025-08-25,107.64698791503906,113.82312768551911,104.60840559105226,111.05177894743152,21150000
2025-09-01,108.16165924072266,109.79477513367962,105.54867683251854,108.62685060642796,10003100
2025-09-08,103.33161163330078,109.56713529958968,102.65857019251563,109.43846838860068,16456900
2025-09-15,101.0650405883789,106.2415142669737,100.00599091703849,102.99508191188599,18311700
2025-09-22,101.07494354248047,104.84595096291201,98.87766101200857,101.05514398651478,14476800
2025-09-29,99.18448638916016,102.76744334382917,97.68993706577072,101.55002739403396,18601200
2025-10-06,98.2046127319336,99.50120415844765,94.36431468489924,99.24386280807624,15867900
2025-10-13,105.29094696044922,106.79453650128544,98.10160725039137,98.35054556391418,16390000
2025-10-20,101.55686950683594,107.88986063908027,100.91958804923853,105.30090376796646,10321600
2025-10-27,98.24102020263672,102.83143573847302,96.49845199897628,101.31789412711409,12291500
2025-11-03,98.79863739013672,100.62086763711572,94.70609097832882,97.91241761697096,13916400
2025-11-10,103.85706329345703,104.80302580827325,96.9067025147535,98.82850652229092,15023900
2025-11-17,101.26809692382812,105.30090040361523,99.0774429329524,103.35918471156602,13394700
2025-11-24,109.02501678466797,109.31378612707199,100.3520072412702,101.14861284769466,11328500
2025-12-01,131.80784606933594,134.50634392356673,107.8201551556625,108.68646317357748,38889100
2025-12-08,132.644287109375,132.7438533104691,122.17891151737173,132.51483433456625,22587100
2025-12-15,136.69700622558594,137.31436838429536,131.46930161409261,133.7296657670933,23947300
2025-12-22,137.25462341308594,137.87200075585852,132.93305798362138,137.4139475785749,8694800
2025-12-29,136.2389678955078,139.23617972879418,132.00701655388983,137.14509181181091,10615000
2026-01-05,142.13381958007812,145.56916513789204,133.2815740939603,134.9843035853865,19762200
2026-01-12,148.74000549316406,154.75,142.2100067138672,142.77000427246094,16702400
2026-01-19,146.9199981689453,151.25999450683594,143.99000549316406,148.60000610351562,14264200
2026-01-26,143.42999267578125,152.74000549316406,140.0,148.75,12995200
2026-02-02,146.64999389648438,151.1699981689453,142.7100067138672,143.6999969482422,14308200
2026-02-09,153.83999633789062,153.8800048828125,144.30999755859375,146.97999572753906,13086100
2026-02-16,150.63999938964844,155.0,147.57000732421875,153.7899932861328,10280800
2026-02-23,156.24000549316406,158.22999572753906,149.1699981689453,150.3000030517578,13681600
2026-03-02,146.5500030517578,156.8800048828125,144.52000427246094,154.6300048828125,15039506
